factor_set,strategy,date,strategy_total_return,benchmark_total_return,cumulative_return_spread,geometric_excess_return,annualized_mean_daily_excess,annualized_tracking_error,information_ratio,beta,correlation
required_4,adaptive_close,2025-07-01,-0.0054494376,0.0616777432,-0.0671271808,-0.0632274541,-0.3103506508,0.2811490039,-1.1038653759,0.0919682104,0.2315723840
required_4,adaptive_close,2025-07-02,0.0000146033,0.0595519180,-0.0595373147,-0.0561910311,-0.2788558441,0.2815691960,-0.9903634633,0.0913913756,0.2289838930
required_4,adaptive_close,2025-07-03,-0.0038051825,0.0692809990,-0.0730861815,-0.0683507717,-0.3332785991,0.2816579685,-1.1832741705,0.0908948976,0.2270364129
required_4,adaptive_close,2025-07-04,-0.0061121804,0.1971860241,-0.2032982045,-0.1698133794,-0.7877342033,0.1455621698,-5.4116684589,0.3237426845,0.4320315184
required_4,adaptive_close,2025-07-07,-0.0017623509,0.2108961310,-0.2126584819,-0.1756207460,-0.8174316935,0.1455527835,-5.6160498867,0.3271903839,0.4372414606
required_4,adaptive_close,2025-07-08,0.0014334072,0.1993574216,-0.1979240144,-0.1650250466,-0.7631860816,0.1417756436,-5.3830549600,0.3450334655,0.4509133306
required_4,adaptive_close,2025-07-09,0.0002628817,0.1697054557,-0.1694425740,-0.1448591807,-0.6615070883,0.1330786002,-4.9707998681,0.3864234005,0.4774824813
required_4,adaptive_close,2025-07-10,0.0046530255,0.1668318068,-0.1621787813,-0.1389907100,-0.6326881432,0.1329711810,-4.7580847103,0.3888160364,0.4783286416
required_4,adaptive_close,2025-07-11,0.0093080853,0.1439594349,-0.1346513496,-0.1177064024,-0.5292557752,0.1286817338,-4.1129052242,0.4134496947,0.4904783222
required_4,adaptive_close,2025-07-14,0.0232062677,0.1466755534,-0.1234692857,-0.1076758681,-0.4814254956,0.1303813294,-3.6924419928,0.4225578121,0.4878455289
required_4,adaptive_close,2025-07-15,0.0005742650,0.1492337297,-0.1486594647,-0.1293552920,-0.5835675728,0.1276003226,-4.5734020177,0.4984012228,0.5322902074
required_4,adaptive_close,2025-07-16,0.0096733073,0.1464117781,-0.1367384708,-0.1192751796,-0.5349841917,0.1278377509,-4.1848686152,0.5060876336,0.5336895433
required_4,adaptive_close,2025-07-17,0.0155163877,0.1535269945,-0.1380106068,-0.1196422862,-0.5367098012,0.1277924613,-4.1998549502,0.5099791081,0.5351798601
required_4,adaptive_close,2025-07-18,0.0158332389,0.1402160205,-0.1243827816,-0.1090870320,-0.4863151633,0.1258773697,-3.8634042361,0.5237724482,0.5427483763
required_4,adaptive_close,2025-07-21,0.0434156103,0.1527160886,-0.1093004783,-0.0948199469,-0.4185254237,0.1287912439,-3.2496419087,0.5841379116,0.5680049073
required_4,adaptive_close,2025-07-22,0.0497920901,0.1490161007,-0.0992240106,-0.0863556312,-0.3792936529,0.1288042032,-2.9447303997,0.5874946675,0.5686357825
required_4,adaptive_close,2025-07-23,0.0402367985,0.1477044190,-0.1074676205,-0.0936370190,-0.4127531570,0.1280417862,-3.2235816853,0.6034529003,0.5793186886
required_4,adaptive_close,2025-07-24,0.0484310350,0.1579612384,-0.1095302034,-0.0945888340,-0.4172853161,0.1280806753,-3.2579881010,0.6070422981,0.5847487938
required_4,adaptive_close,2025-07-25,0.0495131521,0.1757635647,-0.1262504125,-0.1073773813,-0.4766541801,0.1241923573,-3.8380315059,0.6409040032,0.5993643730
required_4,adaptive_close,2025-07-28,0.0519255106,0.1696232788,-0.1176977682,-0.1006287839,-0.4448797185,0.1234371084,-3.6041002915,0.6474616874,0.6029915218
required_4,adaptive_close,2025-07-29,0.0486257675,0.1619818000,-0.1133560325,-0.0975540516,-0.4304730175,0.1232336016,-3.4931464454,0.6503669482,0.6054185909
required_4,adaptive_close,2025-07-30,0.0413206210,0.1332152259,-0.0918946049,-0.0810919257,-0.3533573371,0.1151261638,-3.0693052328,0.7347883470,0.6456457450
required_4,adaptive_close,2025-07-31,0.0275859561,0.1099932111,-0.0824072550,-0.0742412244,-0.3221163469,0.1146921939,-2.8085289503,0.7478442800,0.6642852343
required_4,adaptive_close,2025-08-01,0.0382409758,0.1066597539,-0.0684187781,-0.0618245833,-0.2658070090,0.1136358552,-2.3391121457,0.7707545405,0.6741036907
required_4,adaptive_close,2025-08-04,0.0655125984,0.1255719208,-0.0600593225,-0.0533589381,-0.2277922097,0.1148301128,-1.9837323521,0.7795158107,0.6705525710
required_4,adaptive_close,2025-08-05,0.0829512855,0.1277240844,-0.0447727989,-0.0397019089,-0.1672045124,0.1139221237,-1.4677088791,0.8094795771,0.6859056502
required_4,adaptive_close,2025-08-06,0.1140470875,0.1331987821,-0.0191516946,-0.0169005605,-0.0695303570,0.1072766593,-0.6481405877,0.7907690210,0.7016268887
required_4,adaptive_close,2025-08-07,0.1274850413,0.1314230638,-0.0039380225,-0.0034805924,-0.0128009948,0.1049827869,-0.1219342252,0.7858783579,0.7085264668
required_4,adaptive_close,2025-08-08,0.1574777258,0.1408846703,0.0165930555,0.0145440253,0.0625592033,0.1057818441,0.5913983049,0.7721933776,0.6987503934
required_4,adaptive_close,2025-08-11,0.1825824438,0.1517077591,0.0308746847,0.0268077422,0.1124743133,0.1006667529,1.1172935452,0.7669329653,0.7206106440
required_4,adaptive_close,2025-08-12,0.1624645251,0.1378864252,0.0245780999,0.0215997831,0.0908536016,0.1002059211,0.9066689930,0.7558303029,0.7170330584
required_4,adaptive_close,2025-08-13,0.1593213954,0.1280389981,0.0312823973,0.0277316629,0.1162369736,0.0980765309,1.1851660379,0.7764107217,0.7277084204
required_4,adaptive_close,2025-08-14,0.1289541887,0.1126683293,0.0162858594,0.0146367601,0.0631092966,0.0984608270,0.6409584248,0.8433584975,0.7630659184
required_4,adaptive_close,2025-08-15,0.1470160310,0.1388235116,0.0081925195,0.0071938447,0.0317769665,0.1004112319,0.3164682466,0.8095617542,0.7440322464
required_4,adaptive_close,2025-08-18,0.1683286952,0.1617647826,0.0065639125,0.0056499497,0.0251987522,0.1005374807,0.2506403782,0.7962997724,0.7350165949
required_4,adaptive_close,2025-08-19,0.1716943481,0.1594273382,0.0122670099,0.0105802317,0.0458460668,0.0996217803,0.4602012402,0.8036981323,0.7395770630
required_4,adaptive_close,2025-08-20,0.1788720036,0.1611585420,0.0177134616,0.0152549897,0.0653368082,0.0991995067,0.6586404547,0.8100208076,0.7436749254
required_4,adaptive_close,2025-08-21,0.1843730256,0.1627507952,0.0216222304,0.0185957563,0.0792203475,0.0998430560,0.7934487449,0.8085823500,0.7405728603
required_4,adaptive_close,2025-08-22,0.1728190038,0.1508595328,0.0219594710,0.0190809307,0.0814037209,0.0997439272,0.8161270878,0.8166618011,0.7395981797
required_4,adaptive_close,2025-08-25,0.1808437480,0.1729670849,0.0078766631,0.0067151612,0.0303843044,0.0983035802,0.3090864481,0.8386075844,0.7412773395
required_4,adaptive_close,2025-08-26,0.2010859804,0.1742015149,0.0268844656,0.0228959554,0.0973774943,0.0931064561,1.0458726329,0.8590200676,0.7661731527
required_4,adaptive_close,2025-08-27,0.1511974705,0.1316586110,0.0195388594,0.0172656835,0.0753694784,0.0945325183,0.7972862645,0.9409271056,0.8092083951
required_4,adaptive_close,2025-08-28,0.1513487090,0.1340845574,0.0172641516,0.0152229845,0.0669196483,0.0948208781,0.7057480340,0.9399505286,0.8079025246
required_4,adaptive_close,2025-08-29,0.1717355782,0.1294974331,0.0422381451,0.0373955211,0.1585628457,0.1044272619,1.5184047048,0.9265411928,0.7756954477
required_4,adaptive_close,2025-09-01,0.1806059675,0.1296462533,0.0509597142,0.0451112143,0.1900096724,0.1043386108,1.8210868538,0.9399478677,0.7799619957
required_4,adaptive_close,2025-09-02,0.1542412972,0.1222602483,0.0319810489,0.0284969988,0.1222973060,0.0978608760,1.2497058173,0.9639442912,0.8098072884
required_4,adaptive_close,2025-09-03,0.1259681390,0.0936958165,0.0322723226,0.0295075853,0.1264825086,0.0978032768,1.2932338542,0.9720919523,0.8236601927
required_4,adaptive_close,2025-09-04,0.1425581369,0.0910738219,0.0514843151,0.0471868301,0.1983386580,0.1003923635,1.9756349090,0.9695109176,0.8159878906
required_4,adaptive_close,2025-09-05,0.1666285064,0.1326362855,0.0339922208,0.0300115944,0.1298071639,0.0931721818,1.3931965687,1.0504452836,0.8528532555
required_4,adaptive_close,2025-09-08,0.1786400222,0.1385615468,0.0400784754,0.0352009740,0.1512578164,0.0936313672,1.6154609387,1.0607807211,0.8565194222
required_4,adaptive_close,2025-09-09,0.1832938402,0.1336609325,0.0496329077,0.0437810868,0.1857792493,0.0921336638,2.0164100910,1.0557936035,0.8599112624
required_4,adaptive_close,2025-09-10,0.2065814945,0.1433108075,0.0632706870,0.0553398836,0.2322307369,0.0931280409,2.4936714512,1.0533691977,0.8557720230
required_4,adaptive_close,2025-09-11,0.2294676967,0.1737876021,0.0556800946,0.0474362606,0.2009149044,0.0926529119,2.1684683219,1.0717347946,0.8554134353
required_4,adaptive_close,2025-09-12,0.2315848171,0.1805211978,0.0510636194,0.0432551482,0.1841952487,0.0924802397,1.9917254689,1.0798655249,0.8560040468
required_4,adaptive_close,2025-09-15,0.2286099810,0.1598654525,0.0687445285,0.0592693992,0.2485973763,0.0944730753,2.6314098005,1.0869779560,0.8486098359
required_4,adaptive_close,2025-09-16,0.1998416266,0.1505915169,0.0492501097,0.0428041655,0.1824310862,0.0984332297,1.8533485761,1.0626526571,0.8267419620
required_4,adaptive_close,2025-09-17,0.2133103298,0.1463686679,0.0669416620,0.0583945321,0.2453132527,0.1034270045,2.3718491495,1.0559126648,0.8114113588
required_4,adaptive_close,2025-09-18,0.1815852890,0.1287308695,0.0528544195,0.0468264145,0.1996670605,0.1042318683,1.9156047357,1.0834630222,0.8273854331
required_4,adaptive_close,2025-09-19,0.1711671189,0.1183819481,0.0527851708,0.0471978030,0.2011953031,0.1042054479,1.9307560905,1.0867588345,0.8286556900
required_4,adaptive_close,2025-09-22,0.1357711349,0.1037424313,0.0320287036,0.0290182770,0.1291998015,0.1138229513,1.1350944607,1.1241537312,0.8146107231
required_4,adaptive_close,2025-09-23,0.1149382145,0.0872847143,0.0276535002,0.0254335409,0.1145719483,0.1138810479,1.0060668595,1.1253758353,0.8181160164
required_4,adaptive_close,2025-09-24,0.1287193436,0.1022708656,0.0264484780,0.0239945360,0.1089270210,0.1136208389,0.9586887589,1.1354889363,0.8252937694
required_4,adaptive_close,2025-09-25,0.1190865382,0.0904389180,0.0286476202,0.0262716413,0.1184984258,0.1129802140,1.0488422844,1.1490488252,0.8322953095
required_4,adaptive_close,2025-09-26,0.1251384504,0.0969413031,0.0281971473,0.0257052472,0.1163367790,0.1128662487,1.0307490538,1.1597390169,0.8332347568
required_4,adaptive_close,2025-09-29,0.1392649132,0.0920525915,0.0472123217,0.0432326447,0.1882247732,0.1136915282,1.6555743087,1.1867868568,0.8372998535
required_4,adaptive_close,2025-09-30,0.1303043778,0.0810647179,0.0492396598,0.0455473748,0.1977548416,0.1131663762,1.7474699493,1.2042284855,0.8417284220
required_4,adaptive_close,2025-10-09,0.1243681563,0.0825535628,0.0418145936,0.0386258888,0.1699320512,0.1147363229,1.4810658643,1.2016835396,0.8373820795
required_4,adaptive_close,2025-10-10,0.1344896405,0.0822134024,0.0522762381,0.0483049258,0.2092311215,0.1162249927,1.8002248623,1.2064352316,0.8352633306
required_4,adaptive_close,2025-10-13,0.1260636538,0.0740825182,0.0519811355,0.0483958492,0.2094468877,0.1162322946,1.8019681050,1.1969850271,0.8346642470
required_4,adaptive_close,2025-10-14,0.1104274342,0.0611262491,0.0493011851,0.0464611870,0.2012682651,0.1157715377,1.7384952213,1.1798251828,0.8318491656
required_4,adaptive_close,2025-10-15,0.1616849004,0.0871622570,0.0745226434,0.0685478574,0.2889649409,0.1147253330,2.5187544305,1.1719649810,0.8314584477
required_4,adaptive_close,2025-10-16,0.1401399054,0.0732548684,0.0668850370,0.0623198077,0.2643540719,0.1146925111,2.3048939238,1.1724066532,0.8336873823
required_4,adaptive_close,2025-10-17,0.1199764914,0.0509220959,0.0690543955,0.0657083867,0.2774638415,0.1148612290,2.4156440241,1.1530950424,0.8351286323
required_4,adaptive_close,2025-10-20,0.1355553307,0.0648635185,0.0706918122,0.0663857959,0.2801268922,0.1148244561,2.4396100075,1.1448614706,0.8373350063
required_4,adaptive_close,2025-10-21,0.1197424110,0.0671848602,0.0525575507,0.0492487784,0.2107550630,0.1133250766,1.8597389848,1.0965740416,0.8287837887
required_4,adaptive_close,2025-10-22,0.1175169741,0.0681501278,0.0493668463,0.0462171421,0.1985465198,0.1132304017,1.7534735971,1.0954068125,0.8287768312
required_4,adaptive_close,2025-10-23,0.1355863220,0.0804138718,0.0551724503,0.0510660328,0.2179273883,0.1130219633,1.9281861855,1.0919644042,0.8271911018
required_4,adaptive_close,2025-10-24,0.1353716047,0.0664639513,0.0689076534,0.0646132046,0.2719602451,0.1140834075,2.3838720380,1.0963571451,0.8237160360
required_4,adaptive_close,2025-10-27,0.1389507460,0.0666751552,0.0722755908,0.0677578271,0.2843807459,0.1140454135,2.4935745956,1.0967492500,0.8239253175
required_4,adaptive_close,2025-10-28,0.1388635774,0.0645648668,0.0742987106,0.0697925631,0.2923946655,0.1139646321,2.5656614703,1.0976732704,0.8242644553
required_4,adaptive_close,2025-10-29,0.1311181848,0.0651729872,0.0659451976,0.0619103173,0.2615242976,0.1157437641,2.2595109094,1.1001016442,0.8207066972
required_4,adaptive_close,2025-10-30,0.1527327574,0.0548137022,0.0979190552,0.0928306629,0.3819772538,0.1242838212,3.0734270181,1.0390935593,0.7863884377
required_4,adaptive_close,2025-10-31,0.1875434150,0.0810695893,0.1064738257,0.0984893357,0.4040567950,0.1246226956,3.2422408537,1.0460183730,0.7837218224
required_4,adaptive_close,2025-11-03,0.1666638531,0.0832962244,0.0833676287,0.0769573703,0.3207048818,0.1299044270,2.4687756160,1.0165288567,0.7623556069
required_4,adaptive_close,2025-11-04,0.1505687616,0.0712479428,0.0793208188,0.0740452473,0.3089653463,0.1294968274,2.3858912413,1.0062008790,0.7587321487
required_4,adaptive_close,2025-11-05,0.1423184304,0.0698261294,0.0724923010,0.0677608249,0.2840126365,0.1293798911,2.1951837647,0.9958090182,0.7549151119
required_4,adaptive_close,2025-11-06,0.1352865005,0.0698074094,0.0654790911,0.0612064289,0.2580567242,0.1294628603,1.9932876788,0.9936438781,0.7540022670
required_4,adaptive_close,2025-11-07,0.1270887909,0.0725822954,0.0545064955,0.0508180079,0.2167915470,0.1305874265,1.6601257321,0.9930020582,0.7508761201
required_4,adaptive_close,2025-11-10,0.1182342279,0.0759378597,0.0422963682,0.0393111626,0.1701621079,0.1291818047,1.3172296855,0.9873790122,0.7533171715
required_4,adaptive_close,2025-11-11,0.1159851477,0.0707789654,0.0452061823,0.0422180335,0.1820264632,0.1288639980,1.4125470732,0.9948591860,0.7540555266
required_4,adaptive_close,2025-11-12,0.1132794131,0.0722736475,0.0410057656,0.0382418851,0.1660151459,0.1291999285,1.2849476615,0.9960527105,0.7533679489
required_4,adaptive_close,2025-11-13,0.1258380303,0.0820043890,0.0438336413,0.0405115189,0.1750738916,0.1288898267,1.3583220344,0.9907976177,0.7554502730
required_4,adaptive_close,2025-11-14,0.1573924105,0.1015777231,0.0558146874,0.0506679522,0.2152118245,0.1280434137,1.6807723123,0.9561615017,0.7320037293
required_4,adaptive_close,2025-11-17,0.1657112676,0.0891021991,0.0766090685,0.0703414873,0.2936268976,0.1272294111,2.3078539402,0.9778714715,0.7374231940
required_4,adaptive_close,2025-11-18,0.1464543548,0.0678139091,0.0786404457,0.0736462085,0.3066418345,0.1269995236,2.4145116922,0.9862792387,0.7429382165
required_4,adaptive_close,2025-11-19,0.1247619465,0.0478030421,0.0769589044,0.0734478727,0.3060157338,0.1270148422,2.4092911381,0.9984968493,0.7517207256
required_4,adaptive_close,2025-11-20,0.1085383670,0.0313212645,0.0772171025,0.0748720163,0.3115228204,0.1270083776,2.4527737965,0.9990139945,0.7517258450
required_4,adaptive_close,2025-11-21,0.0662847654,-0.0093265254,0.0756112908,0.0763231203,0.3159331279,0.1272114763,2.4835269351,0.9610371032,0.7829809549
required_4,adaptive_close,2025-11-24,0.0881920214,-0.0002858677,0.0884778891,0.0885031893,0.3636259649,0.1273839703,2.8545661137,0.9725530230,0.7884597663
required_4,adaptive_close,2025-11-25,0.0932055623,0.0043080277,0.0888975346,0.0885162043,0.3636166834,0.1273843072,2.8544857007,0.9697180584,0.7893824999
required_4,adaptive_close,2025-11-26,0.0696881773,-0.0098168245,0.0795050018,0.0802932263,0.3319874405,0.1284448212,2.5846697238,0.9770621882,0.7882130896
required_4,adaptive_close,2025-11-27,0.1143724352,0.0188087910,0.0955636441,0.0937993910,0.3832024190,0.1269860224,3.0176740074,0.9348499801,0.7634467195
required_4,adaptive_close,2025-11-28,0.1386977958,0.0273170536,0.1113807422,0.1084190531,0.4395516968,0.1275151959,3.4470534572,0.9496629418,0.7691029776
required_4,adaptive_close,2025-12-01,0.1194597604,0.0334771891,0.0859825712,0.0831973575,0.3419485982,0.1207536545,2.8317867458,0.9517505654,0.7870213057
required_4,adaptive_close,2025-12-02,0.0895728355,0.0178871514,0.0716856841,0.0704259642,0.2922184944,0.1220171296,2.3948973012,0.9549853188,0.7832990097
required_4,adaptive_close,2025-12-03,0.1041490074,0.0248577328,0.0792912746,0.0773680796,0.3194470579,0.1229433910,2.5983263939,0.9495903358,0.7764628487
required_4,adaptive_close,2025-12-04,0.1136629485,0.0321353105,0.0815276380,0.0789892926,0.3256792043,0.1228985225,2.6499847001,0.9423956347,0.7684067229
required_4,adaptive_close,2025-12-05,0.1086665504,0.0419309984,0.0667355520,0.0640498767,0.2667326063,0.1206751472,2.2103358682,0.9405388848,0.7757188910
required_4,adaptive_close,2025-12-08,0.0822744259,0.0269376510,0.0553367749,0.0538852333,0.2261828293,0.1217929193,1.8571098441,0.9261725873,0.7592296515
required_4,adaptive_close,2025-12-09,0.0520679158,0.0055945444,0.0464733714,0.0462148205,0.1952419098,0.1216487243,1.6049647125,0.9182159190,0.7534002931
required_4,adaptive_close,2025-12-10,0.0463847832,0.0085105412,0.0378742419,0.0375546317,0.1605236485,0.1228108218,1.3070806476,0.9211808170,0.7505687618
required_4,adaptive_close,2025-12-11,0.0329276242,-0.0121925785,0.0451202027,0.0456771246,0.1923960070,0.1257844112,1.5295695642,0.8739900372,0.7360101606
required_4,adaptive_close,2025-12-12,0.0138650271,-0.0252224651,0.0390874923,0.0400988850,0.1701642781,0.1266529376,1.3435478187,0.8789625281,0.7316251086
required_4,adaptive_close,2025-12-15,0.0204417484,-0.0244327142,0.0448744626,0.0459983266,0.1939711498,0.1270013895,1.5273151782,0.8788508457,0.7306150437
required_4,adaptive_close,2025-12-16,-0.0057062739,-0.0406135045,0.0349072306,0.0363849510,0.1548514300,0.1251012047,1.2378092627,0.8834249979,0.7467845294
required_4,adaptive_close,2025-12-17,0.0016991177,-0.0451634356,0.0468625533,0.0490791356,0.2061098378,0.1220162433,1.6891999972,0.9034717144,0.7592633227
required_4,adaptive_close,2025-12-18,-0.0015731096,-0.0410458508,0.0394727412,0.0411622821,0.1740393837,0.1188630803,1.4642005171,0.9082457029,0.7699445244
required_4,adaptive_close,2025-12-19,0.0349714116,-0.0089850296,0.0439564412,0.0443549719,0.1861537461,0.1182787456,1.5738562759,0.8767935093,0.7629746449
required_4,adaptive_close,2025-12-22,0.0407181901,-0.0036387683,0.0443569584,0.0445189525,0.1867961500,0.1182706928,1.5793950773,0.8753292152,0.7624422685
required_4,adaptive_close,2025-12-23,0.0584219400,-0.0062016012,0.0646235411,0.0650268115,0.2671519985,0.1084904105,2.4624480380,0.8655070641,0.7880156540
required_4,adaptive_close,2025-12-24,0.0797051222,0.0115643919,0.0681407303,0.0673617328,0.2762906584,0.1083453123,2.5500933307,0.8592865275,0.7860204669
required_4,adaptive_close,2025-12-25,0.0678401668,0.0045793479,0.0632608189,0.0629724462,0.2586880443,0.1080523914,2.3940982780,0.8469101932,0.7800596239
required_4,adaptive_close,2025-12-26,0.0964803538,0.0082183538,0.0882620001,0.0875425445,0.3548309402,0.1119298569,3.1701187686,0.8291166132,0.7626827441
required_4,adaptive_close,2025-12-29,0.0818495253,0.0102017964,0.0716477289,0.0709241750,0.2903779675,0.1136097807,2.5559240199,0.8338813083,0.7587028000
required_4,adaptive_close,2025-12-30,0.0583755335,-0.0002659451,0.0586414786,0.0586570782,0.2415036456,0.1120381935,2.1555474803,0.8239411651,0.7599056853
required_4,adaptive_close,2025-12-31,0.0673217542,-0.0001557041,0.0674774583,0.0674879664,0.2763759453,0.1116824799,2.4746580255,0.8232730809,0.7608030957
required_4,adaptive_close,2026-01-05,0.0895923684,0.0093129822,0.0802793862,0.0795386442,0.3235767658,0.1097415560,2.9485345181,0.8340253028,0.7735711620
required_4,adaptive_close,2026-01-06,0.0931655521,0.0148001681,0.0783653840,0.0772224783,0.3146171566,0.1091254754,2.8830770767,0.8406769636,0.7790516646
required_4,adaptive_close,2026-01-07,0.0873342291,0.0203667288,0.0669675003,0.0656308153,0.2694116775,0.1098879160,2.4516952119,0.8471130394,0.7768952661
required_4,adaptive_close,2026-01-08,0.0987644241,0.0374508629,0.0613135611,0.0591002073,0.2436902286,0.1093659991,2.2282083145,0.8532145963,0.7811580324
required_4,adaptive_close,2026-01-09,0.0787044255,0.0345863742,0.0441180513,0.0426431784,0.1769930375,0.1085655323,1.6302875659,0.8205451034,0.7733751301
required_4,adaptive_close,2026-01-12,0.0925828035,0.0571225147,0.0354602888,0.0335441619,0.1397482443,0.1108933834,1.2602036298,0.7949498016,0.7622298577
required_4,adaptive_close,2026-01-13,0.1166459513,0.0694702465,0.0471757048,0.0441112831,0.1828705284,0.1142366599,1.6008042301,0.7818478842,0.7397489422
required_4,adaptive_close,2026-01-14,0.1218771400,0.0580774697,0.0637996703,0.0602977307,0.2482103791,0.1181185766,2.1013661542,0.7841152013,0.7222420269
required_4,adaptive_close,2026-01-15,0.1047672049,0.0388399956,0.0659272093,0.0634623326,0.2610472024,0.1176376852,2.2190780274,0.7925457852,0.7162806665
required_4,adaptive_close,2026-01-16,0.0922104120,0.0300401965,0.0621702155,0.0603570770,0.2488293889,0.1178744210,2.1109701907,0.7975252559,0.7177236259
required_4,adaptive_close,2026-01-19,0.1009193295,0.0402459842,0.0606733453,0.0583259596,0.2407289552,0.1178743146,2.0422511554,0.8012562879,0.7255362734
required_4,adaptive_close,2026-01-20,0.0854247316,0.0443554942,0.0410692375,0.0393249595,0.1646023298,0.1180508163,1.3943345322,0.8031765399,0.7253993673
required_4,adaptive_close,2026-01-21,0.0858532213,0.0500479939,0.0358052274,0.0340986580,0.1433296234,0.1182163733,1.2124346177,0.8001235375,0.7254014286
required_4,adaptive_close,2026-01-22,0.0959239492,0.0592908845,0.0366330646,0.0345826299,0.1453527890,0.1182274500,1.2294335111,0.8046757207,0.7296211472
required_4,adaptive_close,2026-01-23,0.1099773687,0.0720889849,0.0378883838,0.0353407081,0.1479755806,0.1180162153,1.2538580424,0.7880940592,0.7285655458
required_4,adaptive_close,2026-01-26,0.0841656250,0.0822454461,0.0019201789,0.0017742545,0.0098222158,0.1090782525,0.0900474250,0.8473384687,0.7679904263
required_4,adaptive_close,2026-01-27,0.0573812495,0.0638646469,-0.0064833974,-0.0060941939,-0.0235778374,0.1084168848,-0.2174738502,0.8386403848,0.7668241153
required_4,adaptive_close,2026-01-28,0.0516561771,0.0464172037,0.0052389734,0.0050065819,0.0233682254,0.1035401773,0.2256923452,0.8726439535,0.7903915616
required_4,adaptive_close,2026-01-29,0.0483519115,0.0429487644,0.0054031471,0.0051806448,0.0240350124,0.1035681071,0.2320696311,0.8706179996,0.7907124493
required_4,adaptive_close,2026-01-30,0.0451417905,0.0359622468,0.0091795437,0.0088608863,0.0394707726,0.1036459901,0.3808229587,0.8719668781,0.7886689116
required_4,adaptive_close,2026-02-02,0.0275004690,0.0127829376,0.0147175314,0.0145317727,0.0627918719,0.1036808013,0.6056268005,0.8716598866,0.7993528336
required_4,adaptive_close,2026-02-03,0.0414702757,0.0294489364,0.0120213393,0.0116774508,0.0503323892,0.1047945530,0.4802958530,0.8484140438,0.7989386260
required_4,adaptive_close,2026-02-04,0.0410080125,0.0293935664,0.0116144461,0.0112828043,0.0486850636,0.1048157464,0.4644823439,0.8480142370,0.7987669670
required_4,adaptive_close,2026-02-05,0.0424234040,0.0166556814,0.0257677226,0.0253455747,0.1067650273,0.1077711285,0.9906644645,0.8375096133,0.7873565817
required_4,adaptive_close,2026-02-06,0.0571336759,0.0238218645,0.0333118114,0.0325367259,0.1361780435,0.1075327000,1.2663872804,0.8402670065,0.7896338726
required_4,adaptive_close,2026-02-09,0.0562138180,0.0289084090,0.0273054090,0.0265382309,0.1113934483,0.1089370129,1.0225491349,0.8260866781,0.7855528042
required_4,adaptive_close,2026-02-10,0.0588201916,0.0350443794,0.0237758121,0.0229708142,0.0967668156,0.1088366739,0.8891011839,0.8266591179,0.7861781077
required_4,adaptive_close,2026-02-11,0.0417301755,0.0311769247,0.0105532508,0.0102341805,0.0440157766,0.1076060335,0.4090456188,0.8289383910,0.7906794909
required_4,adaptive_close,2026-02-12,0.0352931000,0.0332964790,0.0019966210,0.0019322828,0.0097650626,0.1087816112,0.0897675854,0.8395090184,0.7887492623
required_4,adaptive_close,2026-02-13,0.0485482051,0.0373254339,0.0112227712,0.0108189492,0.0466032559,0.1095910151,0.4252470497,0.8229006794,0.7800666128
required_4,adaptive_close,2026-02-24,0.0835724301,0.0621047454,0.0214676847,0.0202123988,0.0865263693,0.1118726294,0.7734364500,0.8580029756,0.7871613092
required_4,adaptive_close,2026-02-25,0.1522613196,0.1165388722,0.0357224474,0.0319939129,0.1375119077,0.1178102339,1.1672322781,0.9066798553,0.7359324844
required_4,adaptive_close,2026-02-26,0.1252194933,0.1058605936,0.0193588997,0.0175057324,0.0777621285,0.1178419063,0.6598851881,0.8931688021,0.7285866380
required_4,adaptive_close,2026-02-27,0.1237715509,0.1012841710,0.0224873799,0.0204192347,0.0898848506,0.1176330515,0.7641122070,0.8981645803,0.7285897982
required_4,adaptive_close,2026-03-02,0.1166644036,0.0896462299,0.0270181736,0.0247953628,0.1077792295,0.1168780878,0.9221508626,0.9033204252,0.7422870907
required_4,adaptive_close,2026-03-03,0.0896826311,0.0613197777,0.0283628534,0.0267241353,0.1151013696,0.1171560603,0.9824619338,0.8889996845,0.7566929747
required_4,adaptive_close,2026-03-04,0.0812411485,0.0424525044,0.0387886441,0.0372090276,0.1573473355,0.1221837325,1.2877928367,0.8421019526,0.7273186857
required_4,adaptive_close,2026-03-05,0.0930449993,0.0471157537,0.0459292456,0.0438626250,0.1844778205,0.1223955782,1.5072261866,0.8526805897,0.7320798022
required_4,adaptive_close,2026-03-06,0.1438161832,0.0734012861,0.0704148972,0.0655997883,0.2721709225,0.1237282685,2.1997472837,0.8920507054,0.7505108198
required_4,adaptive_close,2026-03-09,0.1291982326,0.0726335502,0.0565646825,0.0527343961,0.2212748635,0.1230932538,1.7976197445,0.9052183283,0.7565362084
required_4,adaptive_close,2026-03-10,0.1580012026,0.0984294520,0.0595717505,0.0542335700,0.2274496006,0.1231440767,1.8470202276,0.9077733463,0.7550514731
required_4,adaptive_close,2026-03-11,0.1500647760,0.0874164803,0.0626482957,0.0576120529,0.2409396142,0.1230718250,1.9577154568,0.9096624761,0.7540746797
required_4,adaptive_close,2026-03-12,0.1528727281,0.0770990692,0.0757736588,0.0703497580,0.2911906360,0.1221511168,2.3838556997,0.9102413619,0.7576904031
required_4,adaptive_close,2026-03-13,0.1622986533,0.0801760657,0.0821225877,0.0760270388,0.3132901888,0.1219931646,2.5680962522,0.9023643655,0.7544924997
required_4,adaptive_close,2026-03-16,0.1799656483,0.0829358243,0.0970298240,0.0895988680,0.3658227779,0.1208740019,3.0264802368,0.8965488436,0.7554456063
required_4,adaptive_close,2026-03-17,0.1652733244,0.0820338783,0.0832394461,0.0769286875,0.3170221110,0.1172334631,2.7041947127,0.9348431135,0.7775932484
required_4,adaptive_close,2026-03-18,0.1878692441,0.0929753754,0.0948938687,0.0868215980,0.3553407165,0.1160479971,3.0620150738,0.9302951378,0.7799528161
required_4,adaptive_close,2026-03-19,0.1474984419,0.0695183025,0.0779801394,0.0729114586,0.3019877847,0.1171062389,2.5787506072,0.9699308072,0.8019946846
required_4,adaptive_close,2026-03-20,0.1364127928,0.0630968172,0.0733159756,0.0689645331,0.2868268901,0.1172269636,2.4467654991,0.9845912649,0.8116579196
required_4,adaptive_close,2026-03-23,0.0680027006,0.0004420328,0.0675606678,0.0675308170,0.2816288324,0.1173279609,2.4003556372,1.0069720979,0.8655044571
required_4,adaptive_close,2026-03-24,0.1062355205,0.0312789226,0.0749565979,0.0726831474,0.3039153541,0.1192576950,2.5483919852,1.0451305148,0.8830621010
required_4,adaptive_close,2026-03-25,0.1139230485,0.0331997573,0.0807232911,0.0781294136,0.3255292803,0.1188620852,2.7387141972,1.0524824002,0.8858549204
required_4,adaptive_close,2026-03-26,0.0954364612,0.0166046324,0.0788318287,0.0775442352,0.3233259910,0.1189033832,2.7192328961,1.0550201522,0.8881172950
required_4,adaptive_close,2026-03-27,0.1309304371,0.0385280361,0.0924024011,0.0889743925,0.3681308450,0.1192321176,3.0875141069,1.0595703094,0.8899828009
required_4,adaptive_close,2026-03-30,0.1238822668,0.0325973058,0.0912849609,0.0884032530,0.3659105104,0.1192557354,3.0682843812,1.0602810605,0.8896564277
required_4,adaptive_close,2026-03-31,0.1133636797,0.0100999565,0.1032637233,0.1022311927,0.4183923143,0.1216607572,3.4390079746,1.0425806683,0.8840976679
required_4,adaptive_close,2026-04-01,0.1055131703,0.0250344811,0.0804786893,0.0785131532,0.3264373615,0.1180720282,2.7647307018,1.0401576552,0.8902945668
required_4,adaptive_close,2026-04-02,0.1008946556,0.0093709202,0.0915237354,0.0906740362,0.3731864409,0.1159979504,3.2171813335,1.0372863931,0.8951167598
required_4,adaptive_close,2026-04-03,0.0787346912,-0.0150770034,0.0938116946,0.0952477452,0.3904067458,0.1158981749,3.3685323010,1.0310167783,0.8996521807
required_4,adaptive_close,2026-04-07,0.0909358356,0.0046316375,0.0863041982,0.0859063113,0.3540727680,0.1164533716,3.0404681563,1.0209095330,0.8995723006
required_4,adaptive_close,2026-04-08,0.1131679468,0.0225191048,0.0906488420,0.0886524678,0.3652125263,0.1166702858,3.1302959782,1.0267319606,0.9050251765
required_4,adaptive_close,2026-04-09,0.0739025920,0.0000041795,0.0738984124,0.0738981036,0.3079084184,0.1169488597,2.6328466914,1.0296793640,0.9057603658
required_4,adaptive_close,2026-04-10,0.0975067516,0.0122755818,0.0852311698,0.0841975953,0.3480404294,0.1160510424,2.9990288943,1.0298338712,0.9075820044
required_4,adaptive_close,2026-04-13,0.0977287296,0.0015874472,0.0961412824,0.0959889051,0.3936904255,0.1176821749,3.3453700693,1.0304111512,0.9048495650
required_4,adaptive_close,2026-04-14,0.0875970413,-0.0030660346,0.0906630759,0.0909419070,0.3744693506,0.1192712826,3.1396438643,1.0312968833,0.9023382784
required_4,adaptive_close,2026-04-15,0.0878880116,-0.0234438423,0.1113318540,0.1140045589,0.4626201044,0.1179743713,3.9213610487,1.0395588170,0.9048170899
required_4,adaptive_close,2026-04-16,0.0938270215,-0.0050261335,0.0988531551,0.0993525141,0.4069252160,0.1150578397,3.5367013416,1.0424865176,0.9104717880
required_4,adaptive_close,2026-04-17,0.0636196456,-0.0107153610,0.0743350066,0.0751401605,0.3128367459,0.1127120943,2.7755384014,1.0401912470,0.9132111304
required_4,adaptive_close,2026-04-20,0.0753150773,-0.0010225799,0.0763376573,0.0764157985,0.3177815113,0.1126020092,2.8221655498,1.0385552045,0.9135199886
required_4,adaptive_close,2026-04-21,0.0837968720,0.0026751324,0.0811217397,0.0809053073,0.3351935517,0.1123013760,2.9847679848,1.0372298471,0.9135801023
required_4,adaptive_close,2026-04-22,0.0599224838,-0.0107241947,0.0706466785,0.0714125203,0.2982564959,0.1141741229,2.6122950475,1.0382212785,0.9099459945
required_4,adaptive_close,2026-04-23,0.0836212881,-0.0217458038,0.1053670919,0.1077093175,0.4384419270,0.1222536261,3.5863306560,1.0242050075,0.8964379823
required_4,adaptive_close,2026-04-24,0.0780604091,-0.0303466909,0.1084071000,0.1117998556,0.4539900960,0.1218980479,3.7243426288,1.0270057394,0.8970999551
required_4,adaptive_close,2026-04-27,0.0594078568,-0.0332903196,0.0926981764,0.0958903984,0.3933634916,0.1256089531,3.1316517020,1.0192306403,0.8898273091
required_4,adaptive_close,2026-04-28,0.0437408537,-0.0481288160,0.0918696697,0.0965148134,0.3962718110,0.1253807945,3.1605463398,1.0308541227,0.8915807593
required_4,adaptive_close,2026-04-29,0.0664764692,-0.0325406766,0.0990171458,0.1023476062,0.4181046068,0.1239691420,3.3726506461,1.0232095933,0.8935025663
required_4,adaptive_close,2026-04-30,0.0799526049,-0.0242849939,0.1042375988,0.1068320136,0.4351220744,0.1237521493,3.5160769087,1.0216936638,0.8933010869
required_4,adaptive_close,2026-05-06,0.0967904968,-0.0100609014,0.1068513982,0.1079373452,0.4390040726,0.1235443231,3.5534135577,1.0147466889,0.8923301264
required_4,adaptive_close,2026-05-07,0.0958614280,0.0019075407,0.0939538873,0.0937750076,0.3849626449,0.1251485120,3.0760465215,1.0112826676,0.8893377395
required_4,adaptive_close,2026-05-08,0.1020206020,0.0095769466,0.0924436553,0.0915667257,0.3764527145,0.1251517059,3.0079711003,1.0102218396,0.8898034800
required_4,adaptive_close,2026-05-11,0.1223869474,0.0362570484,0.0861298990,0.0831163456,0.3439711220,0.1257218005,2.7359703773,1.0103397372,0.8864548668
required_4,adaptive_close,2026-05-12,0.0972055338,0.0030661216,0.0941394122,0.0938516516,0.3859892719,0.1233655989,3.1288242040,1.0286646258,0.8927910909
required_4,adaptive_close,2026-05-13,0.0887695577,0.0026604522,0.0861091055,0.0858806242,0.3552390824,0.1249916264,2.8421030477,1.0254545079,0.8897184275
required_4,adaptive_close,2026-05-14,0.0538114425,-0.0061590870,0.0599705295,0.0603421823,0.2561704148,0.1253664544,2.0433728946,1.0428978159,0.8938397180
required_4,adaptive_close,2026-05-15,0.0314382783,-0.0195574124,0.0509956907,0.0520129290,0.2231382766,0.1258366120,1.7732381150,1.0448553991,0.8936187512
required_4,adaptive_close,2026-05-18,0.0203330178,-0.0350503360,0.0553833538,0.0573950703,0.2450117376,0.1246261572,1.9659736213,1.0575206084,0.8960740605
required_4,adaptive_close,2026-05-19,0.0535126131,-0.0312090372,0.0847216503,0.0874509090,0.3652874644,0.1363559155,2.6789264194,1.0755030518,0.8834085068
required_4,adaptive_close,2026-05-20,0.0527656939,-0.0361677750,0.0889334689,0.0922706946,0.3837631006,0.1359689080,2.8224327625,1.0746105081,0.8841523373
required_4,adaptive_close,2026-05-21,0.0305581351,-0.0551041742,0.0856623093,0.0906579403,0.3784078339,0.1363597552,2.7750697652,1.0863298853,0.8909524219
required_4,adaptive_close,2026-05-22,0.0459073832,-0.0327991312,0.0787065144,0.0813755622,0.3425528900,0.1360498976,2.5178474673,1.0846843108,0.8922699915
required_4,adaptive_close,2026-05-25,0.0016769593,-0.0520464704,0.0537234297,0.0566730626,0.2449577180,0.1371719187,1.7857716099,1.0766854425,0.8869854057
required_4,adaptive_close,2026-05-26,-0.0431621637,-0.0728759773,0.0297138136,0.0320494484,0.1445916713,0.1319037606,1.0961906666,1.0658592030,0.8921022471
required_4,adaptive_close,2026-05-27,-0.0560664321,-0.0915896917,0.0355232595,0.0391048617,0.1731300774,0.1310250632,1.3213508408,1.0662232356,0.8955048094
required_4,adaptive_close,2026-05-28,-0.0585999283,-0.0932513316,0.0346514033,0.0382150032,0.1695185579,0.1310622997,1.2934196810,1.0660815010,0.8952540923
required_4,adaptive_close,2026-05-29,-0.0564479797,-0.0918970455,0.0354490658,0.0390363952,0.1727697733,0.1309958301,1.3188952130,1.0652255311,0.8949021570
required_4,adaptive_close,2026-06-01,0.0008800221,-0.0501868885,0.0510669107,0.0537652198,0.2350499483,0.1368077723,1.7181037617,1.1046852071,0.8957304293
required_4,adaptive_close,2026-06-02,-0.0329636132,-0.0560329143,0.0230693011,0.0244386711,0.1170091247,0.1325079805,0.8830345482,1.1216481085,0.9058848538
required_4,adaptive_close,2026-06-03,-0.0595031611,-0.0723931337,0.0128899727,0.0138959436,0.0735636485,0.1327422349,0.5541841942,1.1216767134,0.9051724105
required_4,adaptive_close,2026-06-04,-0.1093788530,-0.1022088736,-0.0071699794,-0.0079862445,-0.0188447410,0.1312649055,-0.1435626754,1.1118214400,0.9030005164
required_4,adaptive_close,2026-06-05,-0.0932944188,-0.0910366148,-0.0022578040,-0.0024839329,0.0043442952,0.1311253258,0.0331308630,1.1116080911,0.9035151593
required_4,adaptive_close,2026-06-08,-0.1307243150,-0.1241062947,-0.0066180204,-0.0075557346,-0.0169296158,0.1311064744,-0.1291287548,1.1102303870,0.9054447983
required_4,adaptive_close,2026-06-09,-0.1279947095,-0.1159050637,-0.0120896458,-0.0136746013,-0.0430269622,0.1313291462,-0.3276269085,1.1059838674,0.9049345076
required_4,adaptive_close,2026-06-10,-0.1362430382,-0.1196509389,-0.0165920993,-0.0188471823,-0.0650388270,0.1309155020,-0.4968000429,1.1068700234,0.9059223327
required_4,adaptive_close,2026-06-11,-0.1485290223,-0.1244135956,-0.0241154267,-0.0275420297,-0.1020700435,0.1312328618,-0.7777780813,1.1099910448,0.9064964982
required_4,adaptive_close,2026-06-12,-0.1356009560,-0.1141903678,-0.0214105882,-0.0241706428,-0.0870072067,0.1320735936,-0.6587782185,1.1163500737,0.9079196082
required_4,adaptive_close,2026-06-15,-0.1149054337,-0.0885142711,-0.0263911626,-0.0289540053,-0.1073842636,0.1317219015,-0.8152346905,1.1222492330,0.9089988330
required_4,adaptive_close,2026-06-16,-0.1265098187,-0.0917716259,-0.0347381929,-0.0382483017,-0.1478691917,0.1323348976,-1.1173862249,1.1184260302,0.9071037945
required_4,adaptive_close,2026-06-17,-0.1152047973,-0.0821849503,-0.0330198470,-0.0359765805,-0.1384601001,0.1319269845,-1.0495206921,1.1145382458,0.9049234402
required_4,adaptive_close,2026-06-18,-0.0918650759,-0.0653807607,-0.0264843152,-0.0283370105,-0.1055576634,0.1326471168,-0.7957780458,1.1144135129,0.9007919664
required_4,adaptive_close,2026-06-22,-0.0371841855,-0.0064074205,-0.0307767650,-0.0309752363,-0.1174513133,0.1328935451,-0.8837999858,1.1374148084,0.8825118750
required_4,adaptive_close,2026-06-23,-0.0827514078,-0.0383766544,-0.0443747534,-0.0461456698,-0.1861262168,0.1295330640,-1.4369012133,1.1002080428,0.8649676836
required_4,adaptive_close,2026-06-24,-0.1007384728,-0.0735866904,-0.0271517824,-0.0293084978,-0.1135331505,0.1356115135,-0.8371940376,1.0582513514,0.8429312441
required_4,adaptive_close,2026-06-25,-0.0870017662,-0.0760522381,-0.0109495280,-0.0118508086,-0.0393184722,0.1399780782,-0.2808902130,1.0294264435,0.8282574638
required_4,adaptive_close,2026-06-26,-0.1072846080,-0.1127194600,0.0054348520,0.0061252915,0.0344606006,0.1484873488,0.2320776878,0.9545962202,0.7953617066
required_4,adaptive_close,2026-06-29,-0.1093168442,-0.1167704905,0.0074536464,0.0084390821,0.0440982549,0.1485491376,0.2968597166,0.9545413098,0.7949477945
required_4,adaptive_close,2026-06-30,-0.1069181245,-0.0981653840,-0.0087527405,-0.0097054830,-0.0316851200,0.1463615107,-0.2164853307,0.9699659212,0.8012417267
required_4,adaptive_open,2025-07-01,0.0478936279,0.0720388285,-0.0241452006,-0.0225226922,-0.1234260455,0.2537701447,-0.4863694493,0.1354485979,0.3009460754
required_4,adaptive_open,2025-07-02,0.0545725980,0.0657555132,-0.0111829152,-0.0104929461,-0.0717751432,0.2528954684,-0.2838134808,0.1378351535,0.3041413378
required_4,adaptive_open,2025-07-03,0.0658434481,0.0721151127,-0.0062716646,-0.0058498052,-0.0517577579,0.2537216745,-0.2039942312,0.1360842683,0.2955051869
required_4,adaptive_open,2025-07-04,0.0647331164,0.1314715426,-0.0667384263,-0.0589837427,-0.2772058523,0.2319318843,-1.1952037261,0.1580303211,0.3139762894
required_4,adaptive_open,2025-07-07,0.0604769309,0.2066381535,-0.1461612226,-0.1211309473,-0.5531841886,0.1772588408,-3.1207706541,0.2588010934,0.3988522152
required_4,adaptive_open,2025-07-08,0.0686165686,0.2360329631,-0.1674163946,-0.1354465452,-0.6222807406,0.1757827376,-3.5400560325,0.2676032182,0.4087414428
required_4,adaptive_open,2025-07-09,0.0744534484,0.1860883360,-0.1116348875,-0.0941202136,-0.4210114642,0.1441083428,-2.9214926492,0.3828061862,0.4963636409
required_4,adaptive_open,2025-07-10,0.0754252701,0.1787738156,-0.1033485455,-0.0876746193,-0.3911357029,0.1437661208,-2.7206389152,0.3844469078,0.4981487742
required_4,adaptive_open,2025-07-11,0.0769329518,0.1570495581,-0.0801166063,-0.0692421563,-0.3060213034,0.1363339323,-2.2446451753,0.4200345072,0.5238684280
required_4,adaptive_open,2025-07-14,0.0790402403,0.1433304566,-0.0642902162,-0.0562306513,-0.2474565038,0.1350534190,-1.8322861103,0.4265810741,0.5290381300
required_4,adaptive_open,2025-07-15,0.0869188203,0.1501614316,-0.0632426113,-0.0549858564,-0.2418531931,0.1351738873,-1.7892005475,0.4289043631,0.5290493034
required_4,adaptive_open,2025-07-16,0.0751344573,0.1561710373,-0.0810365799,-0.0700904774,-0.3090050746,0.1310103391,-2.3586312097,0.4658483114,0.5549162433
required_4,adaptive_open,2025-07-17,0.0943520879,0.1492831268,-0.0549310389,-0.0477959152,-0.2086420182,0.1327616441,-1.5715534375,0.4811757119,0.5497614596
required_4,adaptive_open,2025-07-18,0.0944687459,0.1609385052,-0.0664697593,-0.0572551940,-0.2506563772,0.1330807541,-1.8834908082,0.4791704795,0.5469625584
required_4,adaptive_open,2025-07-21,0.0955321645,0.1466017918,-0.0510696273,-0.0445399856,-0.1939710112,0.1301938434,-1.4898631617,0.4962295811,0.5588707355
required_4,adaptive_open,2025-07-22,0.1048458641,0.1546980967,-0.0498522326,-0.0431733912,-0.1881580361,0.1298969536,-1.4485176971,0.5024550273,0.5700035255
required_4,adaptive_open,2025-07-23,0.1011881724,0.1538047306,-0.0526165582,-0.0456026543,-0.1988022704,0.1302149002,-1.5267244379,0.5027139017,0.5686824208
required_4,adaptive_open,2025-07-24,0.0890883058,0.1499090781,-0.0608207723,-0.0528918098,-0.2308350660,0.1298288705,-1.7779948723,0.5199151024,0.5803205764
required_4,adaptive_open,2025-07-25,0.0953215176,0.1642047171,-0.0688831995,-0.0591676004,-0.2590208464,0.1303939489,-1.9864483632,0.5177534141,0.5822416225
required_4,adaptive_open,2025-07-28,0.1009737490,0.1832763205,-0.0823025715,-0.0695548200,-0.3050983727,0.1264073344,-2.4136128984,0.5441398937,0.5922862743
required_4,adaptive_open,2025-07-29,0.0970654243,0.1729042759,-0.0758388516,-0.0646590290,-0.2827431327,0.1248907202,-2.2639242706,0.5565939028,0.5986716826
required_4,adaptive_open,2025-07-30,0.0937098851,0.1564992093,-0.0627893241,-0.0542925785,-0.2361967814,0.1231853283,-1.9174100081,0.5692797662,0.6084804574
required_4,adaptive_open,2025-07-31,0.0862002106,0.1251051382,-0.0389049276,-0.0345789263,-0.1480997104,0.1122349139,-1.3195511555,0.6559168616,0.6563718524
required_4,adaptive_open,2025-08-01,0.0712323717,0.1144114719,-0.0431791002,-0.0387461017,-0.1662209879,0.1118090257,-1.4866508932,0.6764157019,0.6752376191
required_4,adaptive_open,2025-08-04,0.0754210081,0.1053751554,-0.0299541473,-0.0270986254,-0.1153318627,0.1092629814,-1.0555438005,0.6961236979,0.6865991362
required_4,adaptive_open,2025-08-05,0.0913538650,0.1237197348,-0.0323658698,-0.0288024396,-0.1227011272,0.1091843177,-1.1237980855,0.7092062861,0.6985869530
required_4,adaptive_open,2025-08-06,0.1120982680,0.1230948440,-0.0109965760,-0.0097913156,-0.0409363874,0.1054482236,-0.3882131532,0.7404130046,0.7215764770
required_4,adaptive_open,2025-08-07,0.1245484973,0.1371671121,-0.0126186148,-0.0110965351,-0.0460825172,0.1050360404,-0.4387305253,0.7582068220,0.7233744752
required_4,adaptive_open,2025-08-08,0.1301272112,0.1333213305,-0.0031941193,-0.0028183704,-0.0111205815,0.1044969555,-0.1064201483,0.7555503853,0.7253198830
required_4,adaptive_open,2025-08-11,0.1527565116,0.1481401275,0.0046163840,0.0040207497,0.0176182465,0.1046322449,0.1683825720,0.7494586094,0.7201926322
required_4,adaptive_open,2025-08-12,0.1737764475,0.1529212946,0.0208551530,0.0180889650,0.0759648952,0.0998614686,0.7607027639,0.7649974445,0.7446267580
required_4,adaptive_open,2025-08-13,0.1739220220,0.1414620003,0.0324600218,0.0284372338,0.1185820503,0.1009958308,1.1741281731,0.7602586881,0.7382885636
required_4,adaptive_open,2025-08-14,0.1627219881,0.1343610287,0.0283609594,0.0250017047,0.1044810173,0.1011383199,1.0330507512,0.7576345210,0.7355295740
required_4,adaptive_open,2025-08-15,0.1360735079,0.1164858869,0.0195876211,0.0175439934,0.0734790638,0.0988152069,0.7436007689,0.7818827172,0.7694796607
required_4,adaptive_open,2025-08-18,0.1611246211,0.1465031303,0.0146214908,0.0127531189,0.0529077221,0.1004064564,0.5269354585,0.7441228674,0.7587824482
required_4,adaptive_open,2025-08-19,0.1711869304,0.1655725485,0.0056143819,0.0048168447,0.0199888483,0.1000395168,0.1998095249,0.7472883612,0.7548907266
required_4,adaptive_open,2025-08-20,0.1734432828,0.1599210230,0.0135222598,0.0116579142,0.0487078973,0.1007089804,0.4836499892,0.7490537091,0.7511014073
required_4,adaptive_open,2025-08-21,0.1818485802,0.1643582130,0.0174903671,0.0150214659,0.0628779551,0.1011571330,0.6215869634,0.7588760428,0.7538778175
required_4,adaptive_open,2025-08-22,0.2042801949,0.1669201419,0.0373600530,0.0320159467,0.1323841898,0.0994563059,1.3310788965,0.7446285008,0.7561119737
required_4,adaptive_open,2025-08-25,0.2097676620,0.1588557368,0.0509119251,0.0439329276,0.1807311496,0.0934452862,1.9340852481,0.7694373318,0.7817591781
required_4,adaptive_open,2025-08-26,0.2304735200,0.1807803447,0.0496931753,0.0420850292,0.1734669720,0.0933633356,1.8579774469,0.7587013057,0.7657206058
required_4,adaptive_open,2025-08-27,0.2473873950,0.1771855343,0.0702018607,0.0596353410,0.2443084619,0.0904084812,2.7022737094,0.7952704397,0.7828872838
required_4,adaptive_open,2025-08-28,0.1971076357,0.1318441548,0.0652634809,0.0576611900,0.2379614576,0.0910615672,2.6131930821,0.8997721239,0.8291014432
required_4,adaptive_open,2025-08-29,0.2172350959,0.1375863732,0.0796487227,0.0700155387,0.2872119340,0.0936132101,3.0680705596,0.9028734693,0.8221787055
required_4,adaptive_open,2025-09-01,0.2046333608,0.1322496388,0.0723837220,0.0639291190,0.2628745027,0.0918780367,2.8611245085,0.8971296827,0.8260084138
required_4,adaptive_open,2025-09-02,0.2037137032,0.1318295675,0.0718841357,0.0635114489,0.2612065029,0.0918700371,2.8432175610,0.8964998745,0.8257656274
required_4,adaptive_open,2025-09-03,0.1924640636,0.1248999132,0.0675641504,0.0600623661,0.2476782256,0.0920866150,2.6896224351,0.9060621343,0.8301328028
required_4,adaptive_open,2025-09-04,0.1709766732,0.0987282548,0.0722484185,0.0657564035,0.2701235636,0.0914356965,2.9542462521,0.9152227360,0.8443065805
required_4,adaptive_open,2025-09-05,0.1778355933,0.0972080791,0.0806275142,0.0734842513,0.3005912713,0.0922874513,3.2571196522,0.9139880998,0.8417736435
required_4,adaptive_open,2025-09-08,0.1898176623,0.1373656914,0.0524519709,0.0461170680,0.1924644653,0.0842663385,2.2840017587,0.9625733882,0.8696592954
required_4,adaptive_open,2025-09-09,0.1917284537,0.1389901033,0.0527383505,0.0463027293,0.1932302001,0.0842744421,2.2928683398,0.9633384616,0.8703565541
required_4,adaptive_open,2025-09-10,0.1959196788,0.1373721025,0.0585475763,0.0514761846,0.2139332198,0.0853380745,2.5068906361,0.9566902733,0.8667288231
required_4,adaptive_open,2025-09-11,0.2109467177,0.1466641065,0.0642826111,0.0560605419,0.2321797703,0.0851483135,2.7267688672,0.9520693847,0.8651495264
required_4,adaptive_open,2025-09-12,0.2362789335,0.1776155203,0.0586634132,0.0498154212,0.2073331688,0.0852681489,2.4315429802,0.9521704478,0.8612189328
required_4,adaptive_open,2025-09-15,0.2582247402,0.1869820167,0.0712427236,0.0600200530,0.2484433283,0.0894773081,2.7766070932,0.9480983016,0.8461524342
required_4,adaptive_open,2025-09-16,0.2059896220,0.1628943700,0.0430952520,0.0370586127,0.1556462057,0.0905969012,1.7180080511,0.9183736600,0.8292181346
required_4,adaptive_open,2025-09-17,0.1954032672,0.1510317546,0.0443715126,0.0385493384,0.1616531763,0.0907365450,1.7815663603,0.9132717504,0.8219763106
required_4,adaptive_open,2025-09-18,0.2190682133,0.1497596468,0.0693085665,0.0602809175,0.2499683168,0.1024328639,2.4403136567,0.9118565541,0.7866467061
required_4,adaptive_open,2025-09-19,0.1997532933,0.1286196769,0.0711336164,0.0630270922,0.2607077773,0.1023785890,2.5465068413,0.9151010195,0.7994266310
required_4,adaptive_open,2025-09-22,0.1975875393,0.1186462854,0.0789412539,0.0705685568,0.2904270436,0.1029206799,2.8218531392,0.9116001890,0.7970895977
required_4,adaptive_open,2025-09-23,0.1716997447,0.1031496200,0.0685501246,0.0621403692,0.2578086420,0.1055879537,2.4416482472,0.9325242854,0.7943261378
required_4,adaptive_open,2025-09-24,0.1514671260,0.0853716019,0.0660955240,0.0608966772,0.2528347067,0.1055909352,2.3944736002,0.9358091470,0.7996393164
required_4,adaptive_open,2025-09-25,0.1534698284,0.1027274788,0.0507423495,0.0460153125,0.1931729104,0.1030132268,1.8752243420,0.9383159995,0.8113793005
required_4,adaptive_open,2025-09-26,0.1401386240,0.0905118445,0.0496267796,0.0455077859,0.1913650859,0.1031094061,1.8559420826,0.9504994028,0.8163889578
required_4,adaptive_open,2025-09-29,0.1497241315,0.1010958629,0.0486282687,0.0441635195,0.1861525457,0.1029043653,1.8089858984,0.9579783644,0.8158941236
required_4,adaptive_open,2025-09-30,0.1504031665,0.0934330689,0.0569700976,0.0521020438,0.2183055147,0.1016818127,2.1469475110,0.9758522871,0.8203873832
required_4,adaptive_open,2025-10-09,0.1389292614,0.0853720928,0.0535571686,0.0493445234,0.2074075265,0.1022256626,2.0289183873,0.9812451369,0.8191614784
required_4,adaptive_open,2025-10-10,0.1440297732,0.0814655786,0.0625641947,0.0578513047,0.2413591467,0.1033928234,2.3343897459,0.9748618505,0.8148721612
required_4,adaptive_open,2025-10-13,0.1216926295,0.0501544920,0.0715381374,0.0681215364,0.2814084718,0.1035717472,2.7170389566,0.9574174423,0.8254968893
required_4,adaptive_open,2025-10-14,0.1507964808,0.0819214263,0.0688750545,0.0636599413,0.2636744145,0.1036128957,2.5448030634,0.9531034894,0.8405327994
required_4,adaptive_open,2025-10-15,0.1352318469,0.0654926714,0.0697391755,0.0654525154,0.2705332430,0.1037682354,2.6070910999,0.9477585344,0.8412825820
required_4,adaptive_open,2025-10-16,0.1638484211,0.0884361267,0.0754122944,0.0692849975,0.2857108493,0.1037281254,2.7544202516,0.9464690823,0.8406954621
required_4,adaptive_open,2025-10-17,0.1389221662,0.0747706399,0.0641515264,0.0596885735,0.2471301953,0.1008382685,2.4507580216,0.9371142147,0.8469450626
required_4,adaptive_open,2025-10-20,0.1386086316,0.0586370432,0.0799715884,0.0755420273,0.3094629985,0.1004669860,3.0802456675,0.9352437005,0.8483396473
required_4,adaptive_open,2025-10-21,0.1535214832,0.0668691989,0.0866522842,0.0812210947,0.3318102455,0.1006165541,3.2977699201,0.9401214857,0.8502270758
required_4,adaptive_open,2025-10-22,0.1623273624,0.0660528451,0.0962745173,0.0903093292,0.3674075551,0.0992592991,3.7014925410,0.9570374454,0.8565781961
required_4,adaptive_open,2025-10-23,0.1804823577,0.0679529050,0.1125294527,0.1053693025,0.4252875165,0.0989401362,4.2984326983,0.9615343032,0.8583872628
required_4,adaptive_open,2025-10-24,0.2026359831,0.0819297503,0.1207062329,0.1115656842,0.4487057719,0.0984403009,4.5581511624,0.9550726995,0.8570648651
required_4,adaptive_open,2025-10-27,0.2150756287,0.0695742106,0.1455014181,0.1360367674,0.5409664588,0.1004474365,5.3855675917,0.9687411803,0.8531290271
required_4,adaptive_open,2025-10-28,0.2065288445,0.0662013554,0.1403274891,0.1316144352,0.5245270628,0.1004061212,5.2240546320,0.9697792996,0.8536581852
required_4,adaptive_open,2025-10-29,0.2134519061,0.0647238318,0.1487280742,0.1396869966,0.5543808207,0.0987371273,5.6147149076,0.9725094744,0.8580239710
required_4,adaptive_open,2025-10-30,0.2339455880,0.0667633865,0.1671822015,0.1567191034,0.6170761502,0.1020285699,6.0480721306,0.9666691252,0.8489105877
required_4,adaptive_open,2025-10-31,0.2384232629,0.0586763991,0.1797468638,0.1697845196,0.6639816859,0.1012683625,6.5566547101,0.9574245022,0.8505196909
required_4,adaptive_open,2025-11-03,0.2836060222,0.0863102034,0.1972958188,0.1816201470,0.7069636669,0.1022155476,6.9164005206,0.9622948055,0.8476217881
required_4,adaptive_open,2025-11-04,0.2918718171,0.0888989593,0.2029728578,0.1864019210,0.7240679405,0.1020892685,7.0924980790,0.9642979118,0.8486687694
required_4,adaptive_open,2025-11-05,0.2644212067,0.0634781756,0.2009430312,0.1889488998,0.7330244242,0.1019081804,7.1929890356,0.9716576381,0.8491462987
required_4,adaptive_open,2025-11-06,0.2573430390,0.0719319614,0.1854110776,0.1729690729,0.6755078551,0.1047691668,6.4475825836,0.9427839054,0.8393298664
required_4,adaptive_open,2025-11-07,0.2444726576,0.0683007129,0.1761719447,0.1649085717,0.6463149538,0.1043700955,6.1925300606,0.9412189057,0.8398327593
required_4,adaptive_open,2025-11-10,0.2507033152,0.0778723417,0.1728309735,0.1603445666,0.6297991279,0.1046975464,6.0154143973,0.9380848964,0.8387151790
required_4,adaptive_open,2025-11-11,0.2588643452,0.0781795677,0.1806847775,0.1675831957,0.6562781371,0.1058533696,6.1998795055,0.9429546604,0.8371018772
required_4,adaptive_open,2025-11-12,0.2564167507,0.0729497936,0.1834669571,0.1709930494,0.6686269712,0.1055863419,6.3325138360,0.9471168495,0.8373802264
required_4,adaptive_open,2025-11-13,0.2473298071,0.0732361169,0.1740936902,0.1622137827,0.6369376167,0.1050584864,6.0626955380,0.9502821419,0.8393347574
required_4,adaptive_open,2025-11-14,0.2793892328,0.0786649562,0.2007242766,0.1860858420,0.7235617003,0.1094708186,6.6096308549,0.9639367444,0.8327352308
required_4,adaptive_open,2025-11-17,0.3228048165,0.1046932905,0.2181115260,0.1974407990,0.7644323917,0.1117042261,6.8433614215,0.9659998303,0.8173056050
required_4,adaptive_open,2025-11-18,0.3085590371,0.0859739517,0.2225850854,0.2049635584,0.7912657809,0.1093171217,7.2382602906,0.9998975813,0.8265145693
required_4,adaptive_open,2025-11-19,0.2999599336,0.0696131745,0.2303467590,0.2153551999,0.8272253111,0.1087785091,7.6046759410,0.9997101414,0.8296833247
required_4,adaptive_open,2025-11-20,0.2717846744,0.0539120001,0.2178726743,0.2067275772,0.7971788756,0.1090433371,7.3106610329,1.0063071220,0.8330869797
required_4,adaptive_open,2025-11-21,0.2392196607,0.0208426812,0.2183769795,0.2139183476,0.8211482580,0.1100867126,7.4591041799,0.9786833200,0.8304727328
required_4,adaptive_open,2025-11-24,0.1966224653,-0.0040480519,0.2006705172,0.2014861436,0.7782770436,0.1108872762,7.0186325255,1.0048388404,0.8459780602
required_4,adaptive_open,2025-11-25,0.2209734683,0.0026062210,0.2183672473,0.2177996134,0.8354257044,0.1099327041,7.5994283167,1.0159414740,0.8522080973
required_4,adaptive_open,2025-11-26,0.2229399601,0.0062082436,0.2167317164,0.2153944949,0.8270881332,0.1101959383,7.5056136012,1.0131254652,0.8514293235
required_4,adaptive_open,2025-11-27,0.1961164750,-0.0093805114,0.2054969865,0.2074429070,0.7992376480,0.1104651453,7.2352020724,1.0128731555,0.8493021128
required_4,adaptive_open,2025-11-28,0.2560542528,0.0204455930,0.2356086598,0.2308880174,0.8790634986,0.1083832062,8.1106984162,0.9639986496,0.8284502292
required_4,adaptive_open,2025-12-01,0.2549511029,0.0306415779,0.2243095250,0.2176406714,0.8331813630,0.1071928098,7.7727355448,0.9549188904,0.8325117017
required_4,adaptive_open,2025-12-02,0.2478412169,0.0316079199,0.2162332971,0.2096080235,0.8053471289,0.1076850319,7.4787286076,0.9551231700,0.8313640970
required_4,adaptive_open,2025-12-03,0.2328847367,0.0205273227,0.2123574140,0.2080859662,0.8000109881,0.1078132535,7.4203399163,0.9584686578,0.8308100789
required_4,adaptive_open,2025-12-04,0.2462881272,0.0239210026,0.2223671245,0.2171721490,0.8312883293,0.1073514393,7.7436160595,0.9470558051,0.8279919767
required_4,adaptive_open,2025-12-05,0.2651271108,0.0320602092,0.2330669016,0.2258268457,0.8608752902,0.1077005210,7.9932323623,0.9285205583,0.8173616083
required_4,adaptive_open,2025-12-08,0.2767389663,0.0442910609,0.2324479054,0.2225891938,0.8499269852,0.1074327554,7.9112462670,0.9325060684,0.8218997650
required_4,adaptive_open,2025-12-09,0.2657571153,0.0279915340,0.2377655813,0.2312913807,0.8800799721,0.1059099462,8.3097008718,0.9540041575,0.8246481822
required_4,adaptive_open,2025-12-10,0.2386318662,0.0061299982,0.2325018680,0.2310853154,0.8792268958,0.1059251716,8.3004528844,0.9598910875,0.8240631384
required_4,adaptive_open,2025-12-11,0.2398083204,0.0118011038,0.2280072166,0.2253478631,0.8596700650,0.1055907181,8.1415306234,0.9632037942,0.8251526027
required_4,adaptive_open,2025-12-12,0.2288837720,-0.0083076990,0.2371914710,0.2391784939,0.9061766776,0.1074635840,8.4324069980,0.9385257597,0.8207169252
required_4,adaptive_open,2025-12-15,0.2110206493,-0.0268654741,0.2378861233,0.2444534820,0.9240921782,0.1067852106,8.6537468340,0.9518342622,0.8230415059
required_4,adaptive_open,2025-12-16,0.2021920050,-0.0228864129,0.2250784179,0.2303503102,0.8759393609,0.1043306004,8.3958048487,0.9542652605,0.8298662844
required_4,adaptive_open,2025-12-17,0.2028862903,-0.0404566799,0.2433429702,0.2536029016,0.9538094698,0.0999311866,9.5446627061,0.9461185232,0.8453689398
required_4,adaptive_open,2025-12-18,0.1915134532,-0.0452907339,0.2368041871,0.2480380106,0.9349915407,0.1004222467,9.3106017013,0.9440457490,0.8427047983
required_4,adaptive_open,2025-12-19,0.1910562079,-0.0378149873,0.2288711952,0.2378660986,0.9003786943,0.0945934739,9.5184018177,0.9558201993,0.8611692844
required_4,adaptive_open,2025-12-22,0.2332826902,-0.0046829716,0.2379656618,0.2390852915,0.9048484137,0.0945325788,9.5718156137,0.9490842207,0.8596479201
required_4,adaptive_open,2025-12-23,0.2240179605,-0.0019343622,0.2259523228,0.2263902435,0.8616122747,0.0955408598,9.0182595843,0.9502487806,0.8573390396
required_4,adaptive_open,2025-12-24,0.2310102373,-0.0041653160,0.2351755533,0.2361592311,0.8945868364,0.0916947901,9.7561359301,0.9477722397,0.8664312079
required_4,adaptive_open,2025-12-25,0.2543033503,0.0165024820,0.2378008683,0.2339402731,0.8870071493,0.0920369986,9.6375062494,0.9348075505,0.8622743436
required_4,adaptive_open,2025-12-26,0.2487562309,0.0078019342,0.2409542966,0.2390889404,0.9046622794,0.0914028681,9.8975261749,0.9439405443,0.8626444719
required_4,adaptive_open,2025-12-29,0.2554780666,0.0142489499,0.2412291167,0.2378401444,0.9003257739,0.0918332630,9.8039179286,0.9351192216,0.8587806385
required_4,adaptive_open,2025-12-30,0.2380702973,0.0087797531,0.2292905442,0.2272949507,0.8644899119,0.0932724166,9.2684412310,0.9421840257,0.8571384869
required_4,adaptive_open,2025-12-31,0.2303820654,0.0010714275,0.2293106378,0.2290652111,0.8705256034,0.0931460872,9.3458096829,0.9448582444,0.8570042909
required_4,adaptive_open,2026-01-05,0.2413121692,0.0022963538,0.2390158154,0.2384682080,0.9025221954,0.0913241024,9.8826286958,0.9456115398,0.8616986279
required_4,adaptive_open,2026-01-06,0.2472395307,0.0156765185,0.2315630123,0.2279889395,0.8667869851,0.0910678997,9.5180298163,0.9431342590,0.8634665353
required_4,adaptive_open,2026-01-07,0.2776141987,0.0499451513,0.2276690474,0.2168389912,0.8289675206,0.0917441890,9.0356406158,0.9417497265,0.8508117126
required_4,adaptive_open,2026-01-08,0.2308550507,0.0154671937,0.2153878570,0.2121071546,0.8129046446,0.0928830509,8.7519158380,0.9671593406,0.8353619106
required_4,adaptive_open,2026-01-09,0.2529267842,0.0395030934,0.2134236909,0.2053131850,0.7893745234,0.0933442411,8.4565958681,0.9581883113,0.8327933082
required_4,adaptive_open,2026-01-12,0.2418164614,0.0406107717,0.2012056896,0.1933534566,0.7470794860,0.0958193715,7.7967479283,0.9346197357,0.8208232424
required_4,adaptive_open,2026-01-13,0.2514892616,0.0617816691,0.1897075925,0.1786691163,0.6948952160,0.0985902874,7.0483131183,0.9119762166,0.8087305678
required_4,adaptive_open,2026-01-14,0.2733137479,0.0623181717,0.2109955762,0.1986180617,0.7660208703,0.1080443272,7.0898758890,0.8834549082,0.7732068489
required_4,adaptive_open,2026-01-15,0.2570831573,0.0527380097,0.2043451476,0.1941082640,0.7499663480,0.1080933829,6.9381337506,0.8793390191,0.7695960134
required_4,adaptive_open,2026-01-16,0.2431980340,0.0439187491,0.1992792848,0.1908953978,0.7385128796,0.1083558415,6.8156258983,0.8744993857,0.7622143016
required_4,adaptive_open,2026-01-19,0.2223615081,0.0291891628,0.1931723453,0.1876937227,0.7267745155,0.1079561662,6.7321260208,0.8684762948,0.7649038819
required_4,adaptive_open,2026-01-20,0.2318918340,0.0431057266,0.1887861074,0.1809846333,0.7026856822,0.1086918819,6.4649325219,0.8554068095,0.7688454133
required_4,adaptive_open,2026-01-21,0.1962149301,0.0406755720,0.1555393581,0.1494599876,0.5888828190,0.1097896475,5.3637372235,0.8603206632,0.7670517460
required_4,adaptive_open,2026-01-22,0.2075980571,0.0551803518,0.1524177052,0.1444470654,0.5703700493,0.1104902704,5.1621744357,0.8493109784,0.7651567111
required_4,adaptive_open,2026-01-23,0.2164236634,0.0641138808,0.1523097826,0.1431329723,0.5655039478,0.1106072000,5.1127227525,0.8465711796,0.7667353698
required_4,adaptive_open,2026-01-26,0.2057336061,0.0776163288,0.1281172773,0.1188895100,0.4748554306,0.1088305970,4.3632530174,0.8387767908,0.7729655509
required_4,adaptive_open,2026-01-27,0.1979151414,0.0782536073,0.1196615340,0.1109771702,0.4452502555,0.1085103953,4.1032958577,0.8522545301,0.7771302463
required_4,adaptive_open,2026-01-28,0.1608044777,0.0598332227,0.1009712551,0.0952708907,0.3848714990,0.1078253955,3.5693956622,0.8400097969,0.7735302889
required_4,adaptive_open,2026-01-29,0.1373011394,0.0463037815,0.0909973578,0.0869703039,0.3529001771,0.1081673924,3.2625375280,0.8450025067,0.7746567759
required_4,adaptive_open,2026-01-30,0.1361022952,0.0462842068,0.0898180884,0.0858448286,0.3485806708,0.1081664444,3.2226322371,0.8467926635,0.7751458568
required_4,adaptive_open,2026-02-02,0.1402603880,0.0309791201,0.1092812679,0.1059975569,0.4265558199,0.1071630796,3.9804363721,0.8745297806,0.7777043652
required_4,adaptive_open,2026-02-03,0.1352522607,0.0246955128,0.1105567479,0.1078922924,0.4336990648,0.1071425047,4.0478712541,0.8747758725,0.7790329919
required_4,adaptive_open,2026-02-04,0.1261833862,0.0278971358,0.0982862504,0.0956187608,0.3867556900,0.1109463147,3.4859714908,0.8541102880,0.7635199917
required_4,adaptive_open,2026-02-05,0.1180114963,0.0248160282,0.0931954682,0.0909387301,0.3684407979,0.1098422358,3.3542725624,0.8458780790,0.7636635877
required_4,adaptive_open,2026-02-06,0.1331291939,0.0132001686,0.1199290253,0.1183665667,0.4735740467,0.1215735699,3.8953700800,0.8183802218,0.7199093989
required_4,adaptive_open,2026-02-09,0.1610250129,0.0364418916,0.1245831214,0.1202027073,0.4806738901,0.1215435668,3.9547456328,0.8331179612,0.7389324584
required_4,adaptive_open,2026-02-10,0.1390448757,0.0372551374,0.1017897383,0.0981337519,0.3958302617,0.1168050921,3.3888099780,0.8108148264,0.7466409760
required_4,adaptive_open,2026-02-11,0.1247648891,0.0348467694,0.0899181197,0.0868902744,0.3521092260,0.1140815805,3.0864686885,0.8071856898,0.7538549944
required_4,adaptive_open,2026-02-12,0.1276641595,0.0331633885,0.0945007710,0.0914674020,0.3697344588,0.1136534174,3.2531750246,0.8072000255,0.7552937141
required_4,adaptive_open,2026-02-13,0.1015587750,0.0337831726,0.0677756024,0.0655607522,0.2703360097,0.1199005747,2.2546681726,0.8456085061,0.7474873575
required_4,adaptive_open,2026-02-24,0.1246280293,0.0455566900,0.0790713393,0.0756260661,0.3099408161,0.1206592326,2.5687285543,0.8382264277,0.7394792431
required_4,adaptive_open,2026-02-25,0.1689854307,0.0779417950,0.0910436357,0.0844606232,0.3465550229,0.1248483730,2.7758072832,0.8956628484,0.7333224318
required_4,adaptive_open,2026-02-26,0.2243535897,0.1146397218,0.1097138679,0.0984298924,0.4003520787,0.1252698202,3.1959180447,0.8628913314,0.6986907975
required_4,adaptive_open,2026-02-27,0.2001556405,0.1011617023,0.0989939382,0.0898995470,0.3671189987,0.1245358287,2.9478986291,0.8496223319,0.6938064673
required_4,adaptive_open,2026-03-02,0.2094503667,0.0938035115,0.1156468552,0.1057290948,0.4280305281,0.1267850105,3.3760341720,0.8453551946,0.6851152264
required_4,adaptive_open,2026-03-03,0.1962021486,0.0940971077,0.1021050408,0.0933235634,0.3811783009,0.1298742943,2.9349788026,0.8602079699,0.6813630650
required_4,adaptive_open,2026-03-04,0.1449945770,0.0524082344,0.0925863425,0.0879756919,0.3595748482,0.1288578699,2.7904764260,0.8705151372,0.7362909250
required_4,adaptive_open,2026-03-05,0.1552152802,0.0547501628,0.1004651174,0.0952501559,0.3881419093,0.1294432432,2.9985490139,0.8891523435,0.7425261654
required_4,adaptive_open,2026-03-06,0.1599935265,0.0473533614,0.1126401651,0.1075474326,0.4349607633,0.1301803585,3.3412165113,0.8807340140,0.7394384936
required_4,adaptive_open,2026-03-09,0.2248030993,0.0678410825,0.1569620169,0.1469900526,0.5870879616,0.1480685105,3.9649751287,0.9718591947,0.7324551754
required_4,adaptive_open,2026-03-10,0.2305305760,0.0791604488,0.1513701272,0.1402665631,0.5624848408,0.1480366781,3.7996316046,0.9746051182,0.7318142455
required_4,adaptive_open,2026-03-11,0.2516049517,0.1020984100,0.1495065417,0.1356562539,0.5459279519,0.1475859348,3.6990513550,0.9894085375,0.7348766348
required_4,adaptive_open,2026-03-12,0.2334808686,0.0887527635,0.1447281051,0.1329301839,0.5355615031,0.1474931812,3.6310933083,0.9846821836,0.7303520379
required_4,adaptive_open,2026-03-13,0.2200263589,0.0781461790,0.1418801798,0.1315964223,0.5305761367,0.1475270031,3.5964679386,0.9872925168,0.7334789539
required_4,adaptive_open,2026-03-16,0.2276705203,0.0843513460,0.1433191742,0.1321704213,0.5327413094,0.1475222010,3.6112619366,0.9862387494,0.7309510141
required_4,adaptive_open,2026-03-17,0.2339424835,0.0862575254,0.1476849580,0.1359575925,0.5468867788,0.1477601683,3.7011786395,0.9870250620,0.7306817500
required_4,adaptive_open,2026-03-18,0.2253387112,0.0862251379,0.1391135733,0.1280706628,0.5178422290,0.1462152075,3.5416441148,1.0085150747,0.7415016960
required_4,adaptive_open,2026-03-19,0.2370512314,0.0921824693,0.1448687621,0.1326415377,0.5349146859,0.1464192100,3.6533094648,1.0066211708,0.7388156652
required_4,adaptive_open,2026-03-20,0.2135411948,0.0750334156,0.1385077792,0.1288404408,0.5207596262,0.1464830534,3.5550844563,1.0118558601,0.7464588627
required_4,adaptive_open,2026-03-23,0.1814412074,0.0491360134,0.1323051940,0.1261087145,0.5102226578,0.1461955170,3.4900020770,1.0077535137,0.7801761892
required_4,adaptive_open,2026-03-24,0.1477222943,0.0255365004,0.1221857939,0.1191432912,0.4849041569,0.1472574805,3.2928999962,1.0315127764,0.7936995050
required_4,adaptive_open,2026-03-25,0.1452627210,0.0340686067,0.1111941143,0.1075306934,0.4403797276,0.1446105001,3.0452818256,1.0218749922,0.8001905744
required_4,adaptive_open,2026-03-26,0.1423647478,0.0326712898,0.1096934580,0.1062230151,0.4353162295,0.1445924537,3.0106427986,1.0197150686,0.7988776312
required_4,adaptive_open,2026-03-27,0.1204660211,0.0098405352,0.1106254858,0.1095474800,0.4479671049,0.1442300337,3.1059211001,1.0248762396,0.8095057762
required_4,adaptive_open,2026-03-30,0.1570717288,0.0318053731,0.1252663557,0.1214050236,0.4930796107,0.1442860332,3.4173758860,1.0296318693,0.8134606152
required_4,adaptive_open,2026-03-31,0.1652461781,0.0343450540,0.1309011242,0.1265545996,0.5125479101,0.1441317868,3.5561059881,1.0341845915,0.8157777936
required_4,adaptive_open,2026-04-01,0.1736813144,0.0273092909,0.1463720235,0.1424809692,0.5719212509,0.1471719867,3.8860741348,1.0311265972,0.8088053789
required_4,adaptive_open,2026-04-02,0.1844000211,0.0234457556,0.1609542655,0.1572670214,0.6257724778,0.1464849906,4.2719221631,1.0264487389,0.8092158712
required_4,adaptive_open,2026-04-03,0.1798511102,0.0157008373,0.1641502729,0.1616128163,0.6414160448,0.1459331791,4.3952721963,1.0264337083,0.8123988151
required_4,adaptive_open,2026-04-07,0.1576911704,-0.0112241723,0.1689153427,0.1708327995,0.6736842080,0.1467124452,4.5918681759,1.0046423364,0.8152606272
required_4,adaptive_open,2026-04-08,0.2066874601,0.0178627058,0.1888247543,0.1855110254,0.7283856955,0.1489299899,4.8907926190,1.0401919713,0.8334509621
required_4,adaptive_open,2026-04-09,0.2168512682,0.0179018199,0.1989494483,0.1954505282,0.7639592209,0.1492147024,5.1198655949,1.0479155458,0.8350311664
required_4,adaptive_open,2026-04-10,0.1895597882,0.0068063636,0.1827534245,0.1815179474,0.7153899165,0.1529618568,4.6769170522,1.0569228948,0.8303888787
required_4,adaptive_open,2026-04-13,0.1967683499,0.0135125112,0.1832558388,0.1808126064,0.7127478977,0.1531065020,4.6552425174,1.0520607822,0.8285708993
required_4,adaptive_open,2026-04-14,0.1841924039,0.0078021636,0.1763902403,0.1750246692,0.6920751180,0.1540189702,4.4934407576,1.0516543901,0.8255318681
required_4,adaptive_open,2026-04-15,0.1808739316,-0.0014988125,0.1823727441,0.1826464970,0.7194927285,0.1527526861,4.7101805339,1.0633093587,0.8291330630
required_4,adaptive_open,2026-04-16,0.1561155999,-0.0223883802,0.1785039800,0.1825919173,0.7200426673,0.1527116108,4.7150486027,1.0864775219,0.8346574722
required_4,adaptive_open,2026-04-17,0.1542038846,-0.0028943289,0.1570982135,0.1575542272,0.6298644643,0.1456695620,4.3239263969,1.1022412897,0.8517466049
required_4,adaptive_open,2026-04-20,0.1320025736,-0.0048455877,0.1368481613,0.1375144999,0.5572056130,0.1507709936,3.6957083049,1.1051270317,0.8441623334
required_4,adaptive_open,2026-04-21,0.1369502757,-0.0025251607,0.1394754365,0.1398285260,0.5658038228,0.1506518581,3.7557042429,1.1056945524,0.8448944348
required_4,adaptive_open,2026-04-22,0.1401699988,0.0057211257,0.1344488731,0.1336840498,0.5432613484,0.1506142789,3.6069710822,1.1098474253,0.8449572752
required_4,adaptive_open,2026-04-23,0.1353387826,-0.0103996125,0.1457383952,0.1472699456,0.5937719449,0.1507753013,3.9381247454,1.1252231303,0.8447674644
required_4,adaptive_open,2026-04-24,0.1234798255,-0.0230363530,0.1465161785,0.1499709626,0.6040486250,0.1498593235,4.0307710648,1.1373873849,0.8518684234
required_4,adaptive_open,2026-04-27,0.1195821198,-0.0314057130,0.1509878328,0.1558834641,0.6257641282,0.1492897867,4.1916070898,1.1462969380,0.8536497381
required_4,adaptive_open,2026-04-28,0.1013086867,-0.0363847343,0.1376934210,0.1428925276,0.5783776060,0.1521571062,3.8011869472,1.1428763165,0.8470058951
required_4,adaptive_open,2026-04-29,0.1033604342,-0.0513318452,0.1546922794,0.1630625826,0.6521366435,0.1520222564,4.2897445345,1.1527869639,0.8482967343
required_4,adaptive_open,2026-04-30,0.1356506354,-0.0272231397,0.1628737752,0.1674317943,0.6681002005,0.1518874142,4.3986541214,1.1481474926,0.8497009276
required_4,adaptive_open,2026-05-06,0.1491384891,-0.0163610564,0.1654995455,0.1682523314,0.6708536440,0.1517645286,4.4203586313,1.1407200040,0.8480497342
required_4,adaptive_open,2026-05-07,0.1551053843,-0.0046473781,0.1597527624,0.1604986604,0.6427567994,0.1535295772,4.1865340301,1.1303733256,0.8421265277
required_4,adaptive_open,2026-05-08,0.1618335661,0.0088282345,0.1530053317,0.1516663853,0.6106626250,0.1546746993,3.9480446897,1.1255327282,0.8381766700
required_4,adaptive_open,2026-05-11,0.1641187144,0.0211882711,0.1429304433,0.1399648305,0.5674520519,0.1541120782,3.6820738430,1.1176312259,0.8393341765
required_4,adaptive_open,2026-05-12,0.1679884139,0.0300499801,0.1379384338,0.1339143114,0.5451285260,0.1544962659,3.5284252517,1.1168701207,0.8380604708
required_4,adaptive_open,2026-05-13,0.1441463482,0.0057704601,0.1383758881,0.1375819768,0.5596100425,0.1532408068,3.6518343533,1.1448525211,0.8491822140
required_4,adaptive_open,2026-05-14,0.1325851548,0.0098934751,0.1226916797,0.1214897241,0.4994960271,0.1545895592,3.2311110112,1.1356113801,0.8449823308
required_4,adaptive_open,2026-05-15,0.0856114836,-0.0001186702,0.0857301538,0.0857403287,0.3629691219,0.1463608823,2.4799599191,1.1566290752,0.8660753758
required_4,adaptive_open,2026-05-18,0.0478779678,-0.0309565048,0.0788344726,0.0813528732,0.3458410943,0.1465050487,2.3606087123,1.1636592659,0.8636234629
required_4,adaptive_open,2026-05-19,0.0502040789,-0.0360305991,0.0862346780,0.0894578997,0.3773809788,0.1466152048,2.5739552682,1.1684144333,0.8640536356
required_4,adaptive_open,2026-05-20,0.0755649311,-0.0311626066,0.1067275377,0.1101604236,0.4579233385,0.1527878031,2.9971197244,1.1788445344,0.8574367297
required_4,adaptive_open,2026-05-21,0.0620590624,-0.0332752499,0.0953343122,0.0986157768,0.4143618142,0.1545481127,2.6811185654,1.1820574456,0.8556433748
required_4,adaptive_open,2026-05-22,0.0737974202,-0.0486177687,0.1224151890,0.1286708800,0.5256339627,0.1497898750,3.5091421407,1.1437896285,0.8584696477
required_4,adaptive_open,2026-05-25,0.0918635817,-0.0351449578,0.1270085395,0.1316348404,0.5374071116,0.1503821202,3.5736104194,1.1523130351,0.8625113938
required_4,adaptive_open,2026-05-26,0.0388344472,-0.0547435832,0.0935780304,0.0989975088,0.4136068104,0.1479795339,2.7950271200,1.1466540929,0.8646564458
required_4,adaptive_open,2026-05-27,-0.0006778786,-0.0733338741,0.0726559955,0.0784057963,0.3343571881,0.1491019777,2.2424731932,1.1503566472,0.8638882601
required_4,adaptive_open,2026-05-28,-0.0248753596,-0.0895647323,0.0646893727,0.0710532369,0.3062498989,0.1499313022,2.0426014743,1.1582275979,0.8680368200
required_4,adaptive_open,2026-05-29,-0.0362055053,-0.0806877881,0.0444822827,0.0483864809,0.2159222142,0.1489463069,1.4496647736,1.1480029844,0.8678963457
required_4,adaptive_open,2026-06-01,-0.0402226839,-0.0934904823,0.0532677984,0.0587614331,0.2569338635,0.1465899725,1.7527383291,1.1459197546,0.8735668350
required_4,adaptive_open,2026-06-02,0.0323654984,-0.0368408144,0.0692063127,0.0718534524,0.3116691148,0.1504395011,2.0717239320,1.2035805219,0.8769948569
required_4,adaptive_open,2026-06-03,-0.0194785112,-0.0676447064,0.0481661953,0.0516607731,0.2322442513,0.1520670552,1.5272489555,1.2120702465,0.8762485978
required_4,adaptive_open,2026-06-04,-0.0369485352,-0.0728325359,0.0358840007,0.0387028256,0.1804248373,0.1512927305,1.1925545710,1.2182220610,0.8799039641
required_4,adaptive_open,2026-06-05,-0.0971600400,-0.0948391663,-0.0023208737,-0.0025640457,0.0052293171,0.1324560418,0.0394796419,1.1665408727,0.8916263421
required_4,adaptive_open,2026-06-08,-0.1021103397,-0.1087141020,0.0066037624,0.0074092526,0.0467417735,0.1338444799,0.3492245148,1.1571203992,0.8879183165
required_4,adaptive_open,2026-06-09,-0.1279423915,-0.1164110004,-0.0115313912,-0.0130506278,-0.0391240672,0.1377363534,-0.2840504069,1.1505835429,0.8792444723
required_4,adaptive_open,2026-06-10,-0.1395436194,-0.1201825220,-0.0193610974,-0.0220058112,-0.0771943922,0.1383230135,-0.5580733841,1.1514950290,0.8785836535
required_4,adaptive_open,2026-06-11,-0.1495781592,-0.1215405859,-0.0280375733,-0.0319167543,-0.1193895335,0.1395876972,-0.8553012614,1.1577707791,0.8784252130
required_4,adaptive_open,2026-06-12,-0.1405273356,-0.1160610823,-0.0244662533,-0.0276786696,-0.1008446603,0.1402199783,-0.7191889593,1.1610311021,0.8785967013
required_4,adaptive_open,2026-06-15,-0.1352675047,-0.1102802778,-0.0249872269,-0.0280843802,-0.1024517617,0.1401444242,-0.7310441518,1.1631780500,0.8802269543
required_4,adaptive_open,2026-06-16,-0.1244419838,-0.0897334492,-0.0347085345,-0.0381300779,-0.1457638665,0.1396155622,-1.0440373851,1.1737708794,0.8818158490
required_4,adaptive_open,2026-06-17,-0.1380399824,-0.0874613882,-0.0505785942,-0.0554262510,-0.2217814700,0.1409820569,-1.5731184153,1.1701942367,0.8789179206
required_4,adaptive_open,2026-06-18,-0.1500478607,-0.0862728942,-0.0637749665,-0.0697965137,-0.2848856921,0.1440205685,-1.9780903180,1.1858058421,0.8780323129
required_4,adaptive_open,2026-06-22,-0.1168824519,-0.0499362549,-0.0669461970,-0.0704649528,-0.2871179426,0.1439324751,-1.9948100135,1.2452318987,0.8747619037
required_4,adaptive_open,2026-06-23,-0.0918196905,-0.0289930255,-0.0628266650,-0.0647025888,-0.2618983139,0.1433969597,-1.8263867970,1.2425760865,0.8697079507
required_4,adaptive_open,2026-06-24,-0.1126618180,-0.0417963931,-0.0708654249,-0.0739565416,-0.3041495003,0.1430490312,-2.1261905640,1.2354973098,0.8636990069
required_4,adaptive_open,2026-06-25,-0.1271610263,-0.0735051157,-0.0536559106,-0.0579127974,-0.2328516448,0.1486149724,-1.5668114791,1.1871510122,0.8413987474
required_4,adaptive_open,2026-06-26,-0.1067051275,-0.0690400597,-0.0376650678,-0.0404583121,-0.1564681826,0.1532754033,-1.0208303437,1.1552170370,0.8209599573
required_4,adaptive_open,2026-06-29,-0.1264997439,-0.1043200927,-0.0221796512,-0.0247629215,-0.0900537191,0.1600902447,-0.5625184676,1.0744875411,0.7873284256
required_4,adaptive_open,2026-06-30,-0.1392634937,-0.1163952715,-0.0228682222,-0.0258806019,-0.0950532887,0.1599961622,-0.5940973045,1.0702631329,0.7828598003
extended_10,adaptive_close,2025-07-01,0.0233076200,0.0616777432,-0.0383701232,-0.0361410263,-0.1938859108,0.2790780984,-0.6947371073,0.0582451112,0.2112959247
extended_10,adaptive_close,2025-07-02,0.0333566645,0.0595519180,-0.0261952535,-0.0247229542,-0.1442211481,0.2800457490,-0.5149913849,0.0572889706,0.2018528517
extended_10,adaptive_close,2025-07-03,0.0336402899,0.0692809990,-0.0356407090,-0.0333314714,-0.1814482631,0.2799068772,-0.6482451052,0.0571435477,0.2012152145
extended_10,adaptive_close,2025-07-04,0.0359003341,0.1971860241,-0.1612856900,-0.1347206589,-0.6169942073,0.1455920988,-4.2378275503,0.1840362446,0.3462608337
extended_10,adaptive_close,2025-07-07,0.0405309951,0.2108961310,-0.1703651360,-0.1406934349,-0.6462985775,0.1457120545,-4.4354503131,0.1874763897,0.3527154523
extended_10,adaptive_close,2025-07-08,0.0426556137,0.1993574216,-0.1567018079,-0.1306548032,-0.5969230336,0.1418404248,-4.2084126201,0.1992145893,0.3669745390
extended_10,adaptive_close,2025-07-09,0.0459490083,0.1697054557,-0.1237564475,-0.1058013766,-0.4770684983,0.1328865183,-3.5900443806,0.2255289860,0.3922259100
extended_10,adaptive_close,2025-07-10,0.0490353737,0.1668318068,-0.1177964331,-0.1009540813,-0.4542900352,0.1325502532,-3.4273041674,0.2274342997,0.3944793383
extended_10,adaptive_close,2025-07-11,0.0509669520,0.1439594349,-0.0929924829,-0.0812900179,-0.3625849492,0.1272256824,-2.8499351891,0.2457243875,0.4122793902
extended_10,adaptive_close,2025-07-14,0.0552303781,0.1466755534,-0.0914451753,-0.0797480813,-0.3555506976,0.1271744455,-2.7957715574,0.2477033783,0.4148223827
extended_10,adaptive_close,2025-07-15,0.0442998059,0.1492337297,-0.1049339238,-0.0913077306,-0.4082997668,0.1234345041,-3.3078252291,0.2836032720,0.4537747901
extended_10,adaptive_close,2025-07-16,0.0515206691,0.1464117781,-0.0948911089,-0.0827722732,-0.3688693197,0.1230593011,-2.9974923989,0.2894348443,0.4571480016
extended_10,adaptive_close,2025-07-17,0.0541391869,0.1535269945,-0.0993878076,-0.0861599322,-0.3844418252,0.1229281583,-3.1273699253,0.2901355728,0.4575837586
extended_10,adaptive_close,2025-07-18,0.0547685607,0.1402160205,-0.0854474598,-0.0749397116,-0.3328500193,0.1206867518,-2.7579665082,0.2998981085,0.4671292311
extended_10,adaptive_close,2025-07-21,0.0641700926,0.1527160886,-0.0885459960,-0.0768150951,-0.3416644997,0.1209978875,-2.8237228496,0.3127275375,0.4881495835
extended_10,adaptive_close,2025-07-22,0.0718804093,0.1490161007,-0.0771356914,-0.0671319499,-0.2976690049,0.1211067319,-2.4579063459,0.3155817109,0.4868806040
extended_10,adaptive_close,2025-07-23,0.0628775036,0.1477044190,-0.0848269154,-0.0739100713,-0.3281762870,0.1203617422,-2.7265830582,0.3313741096,0.5002978011
extended_10,adaptive_close,2025-07-24,0.0683635245,0.1579612384,-0.0895977138,-0.0773753999,-0.3441148061,0.1207316985,-2.8502440569,0.3336637385,0.5060832144
extended_10,adaptive_close,2025-07-25,0.0737266026,0.1757635647,-0.1020369621,-0.0867835721,-0.3867350361,0.1171629784,-3.3008296755,0.3488261986,0.5118270433
extended_10,adaptive_close,2025-07-28,0.0718973053,0.1696232788,-0.0977259735,-0.0835533759,-0.3717699825,0.1164831575,-3.1916200644,0.3529171260,0.5148387940
extended_10,adaptive_close,2025-07-29,0.0666576355,0.1619818000,-0.0953241646,-0.0820358499,-0.3647189935,0.1163066975,-3.1358382742,0.3585983720,0.5190897176
extended_10,adaptive_close,2025-07-30,0.0681867105,0.1332152259,-0.0650285154,-0.0573840819,-0.2523236491,0.1076806881,-2.3432581424,0.4032604702,0.5545463156
extended_10,adaptive_close,2025-07-31,0.0539034412,0.1099932111,-0.0560897698,-0.0505316332,-0.2218464289,0.1070861326,-2.0716634681,0.4384058469,0.5913827797
extended_10,adaptive_close,2025-08-01,0.0652519538,0.1066597539,-0.0414078001,-0.0374169205,-0.1640594470,0.1033241645,-1.5878129560,0.4621379835,0.6189961255
extended_10,adaptive_close,2025-08-04,0.0694583104,0.1255719208,-0.0561136104,-0.0498534206,-0.2185885817,0.0994416272,-2.1981597426,0.4909620033,0.6468143897
extended_10,adaptive_close,2025-08-05,0.0764796565,0.1277240844,-0.0512444280,-0.0454405724,-0.1991355164,0.0981395501,-2.0291056577,0.5010621756,0.6599836238
extended_10,adaptive_close,2025-08-06,0.0867954688,0.1331987821,-0.0464033133,-0.0409489615,-0.1796402870,0.0971129235,-1.8498082495,0.4911967233,0.6642767489
extended_10,adaptive_close,2025-08-07,0.0957517659,0.1314230638,-0.0356712979,-0.0315278158,-0.1386762548,0.0961744045,-1.4419247560,0.4878915478,0.6711686301
extended_10,adaptive_close,2025-08-08,0.1144771459,0.1408846703,-0.0264075244,-0.0231465328,-0.1024312027,0.0967965748,-1.0582110262,0.4785942943,0.6611806283
extended_10,adaptive_close,2025-08-11,0.1260513673,0.1517077591,-0.0256563918,-0.0222768246,-0.0992059387,0.0963884263,-1.0292308169,0.4627277449,0.6717729882
extended_10,adaptive_close,2025-08-12,0.1149734985,0.1378864252,-0.0229129267,-0.0201363916,-0.0902175124,0.0969528322,-0.9305299331,0.4396453338,0.6624273141
extended_10,adaptive_close,2025-08-13,0.1026049034,0.1280389981,-0.0254340947,-0.0225471768,-0.1003790764,0.0974813330,-1.0297261370,0.4372869291,0.6497085046
extended_10,adaptive_close,2025-08-14,0.0830534763,0.1126683293,-0.0296148530,-0.0266160654,-0.1178362794,0.0970094063,-1.2146892135,0.4961536008,0.6937626455
extended_10,adaptive_close,2025-08-15,0.0968564164,0.1388235116,-0.0419670952,-0.0368512722,-0.1623699655,0.0977349384,-1.6613297989,0.4832221153,0.6823433830
extended_10,adaptive_close,2025-08-18,0.1073998502,0.1617647826,-0.0543649324,-0.0467951286,-0.2059003678,0.0969408583,-2.1239792122,0.4850091941,0.6789553698
extended_10,adaptive_close,2025-08-19,0.1223684910,0.1594273382,-0.0370588472,-0.0319630614,-0.1408079392,0.0942912968,-1.4933291192,0.5040158117,0.6977251702
extended_10,adaptive_close,2025-08-20,0.1332589777,0.1611585420,-0.0278995643,-0.0240273514,-0.1063778398,0.0932274451,-1.1410571185,0.5161243723,0.7073149613
extended_10,adaptive_close,2025-08-21,0.1367542966,0.1627507952,-0.0259964985,-0.0223577560,-0.0991545765,0.0935566652,-1.0598344469,0.5151735116,0.7042233636
extended_10,adaptive_close,2025-08-22,0.1253420224,0.1508595328,-0.0255175104,-0.0221725672,-0.0981453971,0.0935069744,-1.0496050989,0.5169547375,0.6977906233
extended_10,adaptive_close,2025-08-25,0.1383413705,0.1729670849,-0.0346257144,-0.0295197665,-0.1295989036,0.0925139112,-1.4008585502,0.5147300842,0.6858848073
extended_10,adaptive_close,2025-08-26,0.1425404725,0.1742015149,-0.0316610424,-0.0269638916,-0.1185200197,0.0921401950,-1.2863009424,0.5189242894,0.6899214333
extended_10,adaptive_close,2025-08-27,0.1060009560,0.1316586110,-0.0256576550,-0.0226726106,-0.0999266356,0.0918604937,-1.0878086061,0.5948294129,0.7472560798
extended_10,adaptive_close,2025-08-28,0.1063312102,0.1340845574,-0.0277533472,-0.0244720264,-0.1076767037,0.0921353588,-1.1686794850,0.5933165425,0.7452144715
extended_10,adaptive_close,2025-08-29,0.0994382362,0.1294974331,-0.0300591969,-0.0266128953,-0.1168760523,0.0922430178,-1.2670449766,0.5953253571,0.7451714193
extended_10,adaptive_close,2025-09-01,0.0977606666,0.1296462533,-0.0318855867,-0.0282261696,-0.1238533036,0.0929160763,-1.3329588219,0.5922866133,0.7412154941
extended_10,adaptive_close,2025-09-02,0.0866445928,0.1222602483,-0.0356156555,-0.0317356473,-0.1392804160,0.0914100233,-1.5236886612,0.5996466046,0.7579157507
extended_10,adaptive_close,2025-09-03,0.0669731484,0.0936958165,-0.0267226681,-0.0244333641,-0.1082231514,0.0929185023,-1.1647104583,0.5978759105,0.7713654410
extended_10,adaptive_close,2025-09-04,0.0811992303,0.0910738219,-0.0098745916,-0.0090503423,-0.0422325120,0.0956764267,-0.4414097962,0.5952872703,0.7560921257
extended_10,adaptive_close,2025-09-05,0.0805736613,0.1326362855,-0.0520626243,-0.0459658806,-0.2017309241,0.0878988072,-2.2950359679,0.6312725525,0.7934888885
extended_10,adaptive_close,2025-09-08,0.0877392595,0.1385615468,-0.0508222874,-0.0446372772,-0.1958637836,0.0878475453,-2.2295874401,0.6400099287,0.7981894358
extended_10,adaptive_close,2025-09-09,0.0842950652,0.1336609325,-0.0493658673,-0.0435455310,-0.1911340007,0.0881126280,-2.1692009997,0.6377449584,0.7986938991
extended_10,adaptive_close,2025-09-10,0.0920852307,0.1433108075,-0.0512255768,-0.0448045942,-0.1967568431,0.0882651994,-2.2291553678,0.6310102194,0.7957179975
extended_10,adaptive_close,2025-09-11,0.1075342528,0.1737876021,-0.0662533493,-0.0564440697,-0.2479789116,0.0863014346,-2.8734042803,0.6418764415,0.7939739484
extended_10,adaptive_close,2025-09-12,0.1038947513,0.1805211978,-0.0766264465,-0.0649089967,-0.2856794993,0.0857685969,-3.3308169859,0.6504626096,0.7933424267
extended_10,adaptive_close,2025-09-15,0.0845603939,0.1598654525,-0.0753050585,-0.0649256846,-0.2853817197,0.0857548374,-3.3278789661,0.6534199884,0.7858272129
extended_10,adaptive_close,2025-09-16,0.0834798341,0.1505915169,-0.0671116828,-0.0583279833,-0.2554613338,0.0855176997,-2.9872334579,0.6583151430,0.7789374679
extended_10,adaptive_close,2025-09-17,0.0760018477,0.1463686679,-0.0703668202,-0.0613823652,-0.2691605813,0.0852234890,-3.1582910360,0.6567697475,0.7802949403
extended_10,adaptive_close,2025-09-18,0.0610744314,0.1287308695,-0.0676564382,-0.0599402745,-0.2628692375,0.0854300403,-3.0770117471,0.6690124138,0.7961799039
extended_10,adaptive_close,2025-09-19,0.0528254495,0.1183819481,-0.0655564985,-0.0586172717,-0.2569139429,0.0854165000,-3.0077788571,0.6699251044,0.7967384099
extended_10,adaptive_close,2025-09-22,0.0456022634,0.1037424313,-0.0581401679,-0.0526754850,-0.2302418265,0.0838397730,-2.7462124280,0.6834207537,0.8038639655
extended_10,adaptive_close,2025-09-23,0.0344571938,0.0872847143,-0.0528275204,-0.0485866487,-0.2120878817,0.0835237750,-2.5392516300,0.6919711204,0.8104540398
extended_10,adaptive_close,2025-09-24,0.0364344755,0.1022708656,-0.0658363901,-0.0597279599,-0.2618250810,0.0800500433,-3.2707675136,0.7047411851,0.8315667845
extended_10,adaptive_close,2025-09-25,0.0255473461,0.0904389180,-0.0648915719,-0.0595095891,-0.2606772382,0.0800080709,-3.2581367771,0.7143231434,0.8340539243
extended_10,adaptive_close,2025-09-26,0.0278245893,0.0969413031,-0.0691167138,-0.0630085800,-0.2761529270,0.0779551521,-3.5424589583,0.7274119600,0.8402059385
extended_10,adaptive_close,2025-09-29,0.0244267223,0.0920525915,-0.0676258691,-0.0619254692,-0.2711747968,0.0776361035,-3.4928955042,0.7301147534,0.8394118445
extended_10,adaptive_close,2025-09-30,0.0209836780,0.0810647179,-0.0600810399,-0.0555758031,-0.2426499764,0.0764086053,-3.1756891179,0.7380586373,0.8426726514
extended_10,adaptive_close,2025-10-09,0.0211271834,0.0825535628,-0.0614263794,-0.0567421156,-0.2478484588,0.0762423097,-3.2507994526,0.7387137220,0.8434380613
extended_10,adaptive_close,2025-10-10,0.0286083201,0.0822134024,-0.0536050823,-0.0495328206,-0.2156619625,0.0778097663,-2.7716567315,0.7424512927,0.8370740061
extended_10,adaptive_close,2025-10-13,0.0259576324,0.0740825182,-0.0481248858,-0.0448055759,-0.1949509523,0.0791944430,-2.4616746448,0.7331965595,0.8333843379
extended_10,adaptive_close,2025-10-14,0.0289050096,0.0611262491,-0.0322212395,-0.0303651328,-0.1318916949,0.0844130507,-1.5624562063,0.7135091603,0.8112090944
extended_10,adaptive_close,2025-10-15,0.0462055667,0.0871622570,-0.0409566903,-0.0376730245,-0.1638898111,0.0852880378,-1.9216037239,0.7014367363,0.8055860326
extended_10,adaptive_close,2025-10-16,0.0297423589,0.0732548684,-0.0435125096,-0.0405425690,-0.1764463861,0.0851112858,-2.0731256076,0.7045429832,0.8094549047
extended_10,adaptive_close,2025-10-17,0.0193926436,0.0509220959,-0.0315294523,-0.0300017028,-0.1309480225,0.0870975847,-1.5034633042,0.6915001027,0.8103712022
extended_10,adaptive_close,2025-10-20,0.0285688345,0.0648635185,-0.0362946840,-0.0340838834,-0.1488956738,0.0875295457,-1.7010904449,0.6913093418,0.8150136974
extended_10,adaptive_close,2025-10-21,0.0396274903,0.0671848602,-0.0275573700,-0.0258224896,-0.1126345210,0.0867906851,-1.2977720011,0.7193154605,0.8220820336
extended_10,adaptive_close,2025-10-22,0.0353279181,0.0681501278,-0.0328222097,-0.0307280867,-0.1339404742,0.0862356054,-1.5531922520,0.7177446651,0.8243670690
extended_10,adaptive_close,2025-10-23,0.0529387205,0.0804138718,-0.0274751512,-0.0254302096,-0.1110106477,0.0865706285,-1.2823130616,0.7160319122,0.8214241118
extended_10,adaptive_close,2025-10-24,0.0433485659,0.0664639513,-0.0231153854,-0.0216747930,-0.0946283969,0.0858702853,-1.1019923438,0.7227570826,0.8218215307
extended_10,adaptive_close,2025-10-27,0.0399124044,0.0666751552,-0.0267627508,-0.0250898792,-0.1093633321,0.0855344993,-1.2785873889,0.7223579127,0.8231660802
extended_10,adaptive_close,2025-10-28,0.0449271799,0.0645648668,-0.0196376869,-0.0184466795,-0.0808080525,0.0851380065,-0.9491419380,0.7240343517,0.8247438155
extended_10,adaptive_close,2025-10-29,0.0532584303,0.0651729872,-0.0119145569,-0.0111855605,-0.0498807964,0.0853058715,-0.5847287592,0.7208579882,0.8237613993
extended_10,adaptive_close,2025-10-30,0.0449882514,0.0548137022,-0.0098254508,-0.0093148684,-0.0421523122,0.0857475959,-0.4915859359,0.7176208755,0.8269251495
extended_10,adaptive_close,2025-10-31,0.0711788451,0.0810695893,-0.0098907442,-0.0091490357,-0.0413758010,0.0857557517,-0.4824842674,0.7141074124,0.8220497194
extended_10,adaptive_close,2025-11-03,0.0763978582,0.0832962244,-0.0068983663,-0.0063679408,-0.0294894382,0.0858873877,-0.3433500418,0.7197624333,0.8228418862
extended_10,adaptive_close,2025-11-04,0.0619367604,0.0712479428,-0.0093111824,-0.0086919022,-0.0392803837,0.0860242677,-0.4566197969,0.7191396729,0.8208083314
extended_10,adaptive_close,2025-11-05,0.0602655411,0.0698261294,-0.0095605883,-0.0089365814,-0.0402938075,0.0860838853,-0.4680760794,0.7186955926,0.8197154470
extended_10,adaptive_close,2025-11-06,0.0636768711,0.0698074094,-0.0061305383,-0.0057305065,-0.0267132718,0.0858048648,-0.3113258418,0.7198314720,0.8209407748
extended_10,adaptive_close,2025-11-07,0.0736550488,0.0725822954,0.0010727534,0.0010001596,0.0018541530,0.0876532341,0.0211532754,0.7216507333,0.8134592326
extended_10,adaptive_close,2025-11-10,0.0807211225,0.0759378597,0.0047832628,0.0044456683,0.0165569359,0.0888693875,0.1863064030,0.7296973527,0.8102138200
extended_10,adaptive_close,2025-11-11,0.0848973160,0.0707789654,0.0141183506,0.0131851214,0.0531616432,0.0855325955,0.6215366541,0.7467063367,0.8224713684
extended_10,adaptive_close,2025-11-12,0.0766787536,0.0722736475,0.0044051061,0.0041081921,0.0153493439,0.0846169331,0.1813980178,0.7514265933,0.8262439583
extended_10,adaptive_close,2025-11-13,0.0902480303,0.0820043890,0.0082436413,0.0076188612,0.0298501136,0.0837545439,0.3563999302,0.7509585550,0.8324658059
extended_10,adaptive_close,2025-11-14,0.1122300739,0.1015777231,0.0106523508,0.0096700856,0.0383910685,0.0838535469,0.4578347602,0.7271211568,0.8156399068
extended_10,adaptive_close,2025-11-17,0.1038002450,0.0891021991,0.0146980459,0.0134955617,0.0545527756,0.0827331671,0.6593821743,0.7383789046,0.8173086605
extended_10,adaptive_close,2025-11-18,0.0941283708,0.0678139091,0.0263144617,0.0246433030,0.1004372905,0.0832885867,1.2058950027,0.7341106915,0.8167316343
extended_10,adaptive_close,2025-11-19,0.0764274882,0.0478030421,0.0286244461,0.0273185369,0.1110495498,0.0838153007,1.3249317108,0.7241864944,0.8186635655
extended_10,adaptive_close,2025-11-20,0.0594531008,0.0313212645,0.0281318363,0.0272774714,0.1108325404,0.0838145279,1.3223547660,0.7229326593,0.8183683740
extended_10,adaptive_close,2025-11-21,0.0281755646,-0.0093265254,0.0375020900,0.0378551470,0.1518026299,0.0881722224,1.7216604692,0.7052784399,0.8482353956
extended_10,adaptive_close,2025-11-24,0.0393958913,-0.0002858677,0.0396817590,0.0396931060,0.1590985229,0.0877886582,1.8122901768,0.7054001781,0.8525752210
extended_10,adaptive_close,2025-11-25,0.0402331319,0.0043080277,0.0359251043,0.0357710018,0.1430787994,0.0884938600,1.6168217702,0.7013798481,0.8520023058
extended_10,adaptive_close,2025-11-26,0.0318218247,-0.0098168245,0.0416386492,0.0420514610,0.1684750565,0.0885432617,1.9027428317,0.7005336564,0.8508652661
extended_10,adaptive_close,2025-11-27,0.0622646165,0.0188087910,0.0434558254,0.0426535635,0.1709608790,0.0885444500,1.9307915866,0.6678307555,0.8335951273
extended_10,adaptive_close,2025-11-28,0.0725622334,0.0273170536,0.0452451798,0.0440420800,0.1764258968,0.0882564074,1.9990151656,0.6677750824,0.8379307691
extended_10,adaptive_close,2025-12-01,0.0820971592,0.0334771891,0.0486199700,0.0470450345,0.1884721982,0.0879934621,2.1418886547,0.6677979359,0.8397563957
extended_10,adaptive_close,2025-12-02,0.0740007439,0.0178871514,0.0561135925,0.0551275182,0.2210436984,0.0853080307,2.5911241493,0.6847155461,0.8485031698
extended_10,adaptive_close,2025-12-03,0.0795257006,0.0248577328,0.0546679678,0.0533420065,0.2141095039,0.0849103432,2.5215950834,0.6864754907,0.8466210688
extended_10,adaptive_close,2025-12-04,0.0858246760,0.0321353105,0.0536893655,0.0520177587,0.2090792243,0.0845378299,2.4732031164,0.6851084213,0.8412339703
extended_10,adaptive_close,2025-12-05,0.0805113330,0.0419309984,0.0385803345,0.0370277250,0.1484280143,0.0819421438,1.8113757760,0.6847943497,0.8552092655
extended_10,adaptive_close,2025-12-08,0.0752374003,0.0269376510,0.0482997494,0.0470327963,0.1894358113,0.0762154550,2.4855301495,0.7150023501,0.8677231131
extended_10,adaptive_close,2025-12-09,0.0468885037,0.0055945444,0.0412939592,0.0410642236,0.1657619838,0.0775830959,2.1365734634,0.7225492431,0.8580802166
extended_10,adaptive_close,2025-12-10,0.0441773887,0.0085105412,0.0356668475,0.0353658648,0.1427662585,0.0771920148,1.8494951689,0.7258099609,0.8590117684
extended_10,adaptive_close,2025-12-11,0.0201172004,-0.0121925785,0.0323097789,0.0327085808,0.1325369770,0.0779371737,1.7005617575,0.7627154619,0.8638137923
extended_10,adaptive_close,2025-12-12,0.0094324602,-0.0252224651,0.0346549254,0.0355516250,0.1442316721,0.0775015644,1.8610162672,0.7668475651,0.8625851297
extended_10,adaptive_close,2025-12-15,0.0242732909,-0.0244327142,0.0487060051,0.0499258286,0.2022430918,0.0789102102,2.5629521378,0.7662007494,0.8574486617
extended_10,adaptive_close,2025-12-16,0.0226546319,-0.0406135045,0.0632681364,0.0659464530,0.2651935360,0.0801756310,3.3076576107,0.7498615436,0.8604091036
extended_10,adaptive_close,2025-12-17,0.0155534972,-0.0451634356,0.0607169328,0.0635888225,0.2558127218,0.0802147758,3.1890972622,0.7443222031,0.8584140130
extended_10,adaptive_close,2025-12-18,0.0266575183,-0.0410458508,0.0677033691,0.0706012578,0.2835976437,0.0806954241,3.5144203893,0.7504831145,0.8574890605
extended_10,adaptive_close,2025-12-19,0.0495856095,-0.0089850296,0.0585706391,0.0591016694,0.2379728421,0.0829737282,2.8680504927,0.7279581415,0.8491322567
extended_10,adaptive_close,2025-12-22,0.0536667158,-0.0036387683,0.0573054840,0.0575147669,0.2316574420,0.0831436076,2.7862327438,0.7258092890,0.8483229138
extended_10,adaptive_close,2025-12-23,0.0553436705,-0.0062016012,0.0615452716,0.0619293327,0.2490620945,0.0828038843,3.0078552081,0.7241704358,0.8503568547
extended_10,adaptive_close,2025-12-24,0.0712921352,0.0115643919,0.0597277433,0.0590449246,0.2375522944,0.0831543446,2.8567634736,0.7155060893,0.8481256153
extended_10,adaptive_close,2025-12-25,0.0660294270,0.0045793479,0.0614500791,0.0611699606,0.2460560823,0.0830303227,2.9634484627,0.7137534862,0.8447859191
extended_10,adaptive_close,2025-12-26,0.0709887823,0.0082183538,0.0627704285,0.0622587640,0.2502793322,0.0828096931,3.0223434361,0.7083851843,0.8446651268
extended_10,adaptive_close,2025-12-29,0.0608148289,0.0102017964,0.0506130325,0.0501019031,0.2019671275,0.0823656691,2.4520790003,0.7127254809,0.8462067044
extended_10,adaptive_close,2025-12-30,0.0538276039,-0.0002659451,0.0540935490,0.0541079387,0.2180767596,0.0815035389,2.6756722796,0.7203358393,0.8489476874
extended_10,adaptive_close,2025-12-31,0.0612941353,-0.0001557041,0.0614498394,0.0614594089,0.2473320213,0.0821132012,3.0120859720,0.7198249275,0.8464800191
extended_10,adaptive_close,2026-01-05,0.0733796171,0.0093129822,0.0640666350,0.0634754889,0.2554435678,0.0821912122,3.1079182447,0.7301627790,0.8501627404
extended_10,adaptive_close,2026-01-06,0.0658899935,0.0148001681,0.0510898254,0.0503447152,0.2029178206,0.0825555586,2.4579546681,0.7193951259,0.8506054394
extended_10,adaptive_close,2026-01-07,0.0587542684,0.0203667288,0.0383875396,0.0376213164,0.1519566615,0.0825298719,1.8412322482,0.7276453917,0.8491276333
extended_10,adaptive_close,2026-01-08,0.0609781819,0.0374508629,0.0235273190,0.0226780080,0.0909811686,0.0780706703,1.1653693795,0.7431775298,0.8672736997
extended_10,adaptive_close,2026-01-09,0.0585816966,0.0345863742,0.0239953224,0.0231931553,0.0931816595,0.0778760549,1.1965380067,0.7447574897,0.8664239982
extended_10,adaptive_close,2026-01-12,0.0752081443,0.0571225147,0.0180856296,0.0171083572,0.0677980023,0.0792990159,0.8549665023,0.7303573289,0.8635778456
extended_10,adaptive_close,2026-01-13,0.0900855955,0.0694702465,0.0206153490,0.0192762249,0.0772028964,0.0804170175,0.9600318286,0.7323479691,0.8519631192
extended_10,adaptive_close,2026-01-14,0.0856153016,0.0580774697,0.0275378319,0.0260262908,0.1051979011,0.0797817049,1.3185717352,0.7372555582,0.8496086354
extended_10,adaptive_close,2026-01-15,0.0591321549,0.0388399956,0.0202921593,0.0195334791,0.0784307404,0.0802916568,0.9768230409,0.7185142852,0.8382074344
extended_10,adaptive_close,2026-01-16,0.0531277647,0.0300401965,0.0230875682,0.0224142400,0.0902626309,0.0803312899,1.1236297968,0.7184476810,0.8385897538
extended_10,adaptive_close,2026-01-19,0.0574036938,0.0402459842,0.0171577096,0.0164938965,0.0656383892,0.0802550919,0.8178719585,0.7184558620,0.8449622856
extended_10,adaptive_close,2026-01-20,0.0651520237,0.0443554942,0.0207965296,0.0199132668,0.0797313338,0.0801312507,0.9950092268,0.7172225961,0.8453029495
extended_10,adaptive_close,2026-01-21,0.0584006732,0.0500479939,0.0083526793,0.0079545691,0.0301268974,0.0840407708,0.3584795462,0.7043259081,0.8299623923
extended_10,adaptive_close,2026-01-22,0.0646152387,0.0592908845,0.0053243541,0.0050263381,0.0178483490,0.0839961795,0.2124900095,0.7068229320,0.8329893848
extended_10,adaptive_close,2026-01-23,0.0675109022,0.0720889849,-0.0045780827,-0.0042702450,-0.0213944174,0.0843694354,-0.2535801891,0.7034011651,0.8345886401
extended_10,adaptive_close,2026-01-26,0.0831656831,0.0822454461,0.0009202370,0.0008503034,0.0004891438,0.0865030196,0.0056546438,0.7004622136,0.8200460246
extended_10,adaptive_close,2026-01-27,0.0544218814,0.0638646469,-0.0094427654,-0.0088759087,-0.0401466274,0.0883682629,-0.4543104734,0.7104374746,0.8119734560
extended_10,adaptive_close,2026-01-28,0.0218327180,0.0464172037,-0.0245844857,-0.0234939617,-0.1019348686,0.0917622725,-1.1108581531,0.7248652708,0.7996174009
extended_10,adaptive_close,2026-01-29,0.0321847647,0.0429487644,-0.0107639997,-0.0103207368,-0.0457055676,0.0945268352,-0.4835194949,0.7115835707,0.7879322936
extended_10,adaptive_close,2026-01-30,0.0343811539,0.0359622468,-0.0015810929,-0.0015262070,-0.0083259414,0.0942451670,-0.0883434309,0.7177029595,0.7873039624
extended_10,adaptive_close,2026-02-02,0.0170272054,0.0127829376,0.0042442678,0.0041906983,0.0152719379,0.0948904665,0.1609428060,0.7184254289,0.7981304936
extended_10,adaptive_close,2026-02-03,0.0146160170,0.0294489364,-0.0148329194,-0.0144086014,-0.0640383568,0.0952936593,-0.6720106796,0.7014222612,0.8050525189
extended_10,adaptive_close,2026-02-04,0.0019091183,0.0293935664,-0.0274844481,-0.0266996502,-0.1172285444,0.0935791510,-1.2527207522,0.6885989192,0.8110675254
extended_10,adaptive_close,2026-02-05,0.0051782423,0.0166556814,-0.0114774392,-0.0112894064,-0.0511368707,0.0970219667,-0.5270648744,0.6788807537,0.7958319927
extended_10,adaptive_close,2026-02-06,0.0154110668,0.0238218645,-0.0084107977,-0.0082150988,-0.0380946565,0.0969385408,-0.3929774074,0.6812557391,0.7975178745
extended_10,adaptive_close,2026-02-09,0.0176359242,0.0289084090,-0.0112724848,-0.0109557709,-0.0499169597,0.0974753269,-0.5120984077,0.6785287058,0.7994879068
extended_10,adaptive_close,2026-02-10,0.0203624436,0.0350443794,-0.0146819358,-0.0141848370,-0.0636626424,0.0973754106,-0.6537856121,0.6792600662,0.8001894745
extended_10,adaptive_close,2026-02-11,0.0239038044,0.0311769247,-0.0072731203,-0.0070532225,-0.0334207154,0.0974459304,-0.3429667643,0.6778106418,0.8002140629
extended_10,adaptive_close,2026-02-12,0.0069333981,0.0332964790,-0.0263630809,-0.0255135689,-0.1113467674,0.0992441902,-1.1219474627,0.7043167948,0.7942423398
extended_10,adaptive_close,2026-02-13,0.0068844380,0.0373254339,-0.0304409959,-0.0293456565,-0.1277262701,0.0985223421,-1.2964193449,0.7099949447,0.7950673702
extended_10,adaptive_close,2026-02-24,0.0291460712,0.0621047454,-0.0329586742,-0.0310314725,-0.1350764247,0.0984954548,-1.3713975422,0.7189413142,0.8018889383
extended_10,adaptive_close,2026-02-25,0.0857685018,0.1165388722,-0.0307703704,-0.0275587095,-0.1165489903,0.1017135024,-1.1458556398,0.7888008373,0.7511574577
extended_10,adaptive_close,2026-02-26,0.0715952925,0.1058605936,-0.0342653011,-0.0309851905,-0.1311923655,0.1023432340,-1.2818860644,0.7915482617,0.7467763126
extended_10,adaptive_close,2026-02-27,0.0652587979,0.1012841710,-0.0360253731,-0.0327121501,-0.1385999374,0.1027450350,-1.3489696838,0.7911414757,0.7428954332
extended_10,adaptive_close,2026-03-02,0.0533508763,0.0896462299,-0.0362953536,-0.0333093004,-0.1413295325,0.1026357930,-1.3770004439,0.7955427424,0.7547325140
extended_10,adaptive_close,2026-03-03,0.0355431775,0.0613197777,-0.0257766002,-0.0242873079,-0.1031105964,0.1049003107,-0.9829389037,0.7693261889,0.7611848439
extended_10,adaptive_close,2026-03-04,0.0361036545,0.0424525044,-0.0063488499,-0.0060903014,-0.0253994945,0.1095181450,-0.2319204232,0.7487512285,0.7396288627
extended_10,adaptive_close,2026-03-05,0.0474753888,0.0471157537,0.0003596351,0.0003434531,0.0020643445,0.1104279427,0.0186940413,0.7626791981,0.7423640729
extended_10,adaptive_close,2026-03-06,0.0868453069,0.0734012861,0.0134440208,0.0125246923,0.0538535785,0.1121878701,0.4800303139,0.8057912928,0.7585521475
extended_10,adaptive_close,2026-03-09,0.0790583584,0.0726335502,0.0064248083,0.0059897513,0.0267457315,0.1118308404,0.2391623934,0.8129360691,0.7618395150
extended_10,adaptive_close,2026-03-10,0.0951967678,0.0984294520,-0.0032326842,-0.0029430058,-0.0105837194,0.1111722584,-0.0952010833,0.8210898840,0.7638270095
extended_10,adaptive_close,2026-03-11,0.0964602206,0.0874164803,0.0090437403,0.0083167217,0.0368047042,0.1122857066,0.3277772858,0.8204622128,0.7584359527
extended_10,adaptive_close,2026-03-12,0.0979654267,0.0770990692,0.0208663575,0.0193727375,0.0825897400,0.1122470314,0.7357855162,0.8183031193,0.7589758429
extended_10,adaptive_close,2026-03-13,0.1144004326,0.0801760657,0.0342243669,0.0316840634,0.1326812428,0.1118169579,1.1865932081,0.8011165620,0.7543396548
extended_10,adaptive_close,2026-03-16,0.1267370842,0.0829358243,0.0438012599,0.0404467734,0.1683386099,0.1127266057,1.4933352150,0.7990115004,0.7505792068
extended_10,adaptive_close,2026-03-17,0.1457489581,0.0820338783,0.0637150798,0.0588845517,0.2410003470,0.1137773514,2.1181750508,0.7418042172,0.7324058389
extended_10,adaptive_close,2026-03-18,0.1423418540,0.0929753754,0.0493664785,0.0451670547,0.1861954605,0.1177622063,1.5811138934,0.7255462099,0.7149357194
extended_10,adaptive_close,2026-03-19,0.1073726695,0.0695183025,0.0378543670,0.0353938469,0.1465608207,0.1163565729,1.2595835121,0.7541245352,0.7451040498
extended_10,adaptive_close,2026-03-20,0.0978544214,0.0630968172,0.0347576042,0.0326946743,0.1355154221,0.1155701132,1.1725818931,0.7659201760,0.7583451718
extended_10,adaptive_close,2026-03-23,0.0463675155,0.0004420328,0.0459254827,0.0459051911,0.1863658604,0.1177874034,1.5822223339,0.7775444760,0.8207771901
extended_10,adaptive_close,2026-03-24,0.0658953203,0.0312789226,0.0346163977,0.0335664746,0.1354948081,0.1182030905,1.1462882023,0.7779098920,0.8384348139
extended_10,adaptive_close,2026-03-25,0.0798167775,0.0331997573,0.0466170201,0.0451190777,0.1828385223,0.1168056856,1.5653221104,0.7961264105,0.8446769494
extended_10,adaptive_close,2026-03-26,0.0709035463,0.0166046324,0.0542989139,0.0534120268,0.2157726010,0.1171243366,1.8422524912,0.7937606757,0.8462901338
extended_10,adaptive_close,2026-03-27,0.0891544285,0.0385280361,0.0506263924,0.0487482192,0.1969985690,0.1173882405,1.6781797575,0.7921731984,0.8476128005
extended_10,adaptive_close,2026-03-30,0.0900974334,0.0325973058,0.0575001276,0.0556849483,0.2248330144,0.1172887159,1.9169193965,0.7941175602,0.8473889532
extended_10,adaptive_close,2026-03-31,0.0804694463,0.0100999565,0.0703694898,0.0696658676,0.2795411963,0.1202364426,2.3249290346,0.7800534883,0.8418938244
extended_10,adaptive_close,2026-04-01,0.1012674767,0.0250344811,0.0762329956,0.0743711524,0.2980118035,0.1199675670,2.4841030863,0.7817627562,0.8442645076
extended_10,adaptive_close,2026-04-02,0.0960228565,0.0093709202,0.0866519363,0.0858474665,0.3422271909,0.1199247084,2.8536837444,0.7789373148,0.8475439542
extended_10,adaptive_close,2026-04-03,0.0849756595,-0.0150770034,0.1000526629,0.1015842489,0.4014572818,0.1219246777,3.2926663373,0.7668031804,0.8510877492
extended_10,adaptive_close,2026-04-07,0.0832022539,0.0046316375,0.0785706164,0.0782083835,0.3105374160,0.1265053726,2.4547369769,0.7480448791,0.8434560719
extended_10,adaptive_close,2026-04-08,0.1035739554,0.0225191048,0.0810548506,0.0792697664,0.3150123623,0.1265784383,2.4886731618,0.7660886488,0.8527304314
extended_10,adaptive_close,2026-04-09,0.0846959687,0.0000041795,0.0846917892,0.0846914353,0.3362595104,0.1257790291,2.6734147397,0.7745119680,0.8560794494
extended_10,adaptive_close,2026-04-10,0.0994937530,0.0122755818,0.0872181712,0.0861605009,0.3417005714,0.1255139531,2.7224110393,0.7710560418,0.8574343674
extended_10,adaptive_close,2026-04-13,0.0864325275,0.0015874472,0.0848450804,0.0847106068,0.3361474855,0.1256492368,2.6752847372,0.7713607200,0.8561609977
extended_10,adaptive_close,2026-04-14,0.0895539697,-0.0030660346,0.0926200043,0.0929048538,0.3679748906,0.1246764180,2.9514393867,0.7757176066,0.8578493189
extended_10,adaptive_close,2026-04-15,0.0853962987,-0.0234438423,0.1088401410,0.1114530283,0.4388651984,0.1245629991,3.5232388553,0.7779351131,0.8567804633
extended_10,adaptive_close,2026-04-16,0.0906061556,-0.0050261335,0.0956322891,0.0961153779,0.3803015840,0.1235331718,3.0785381654,0.7788619988,0.8610050476
extended_10,adaptive_close,2026-04-17,0.0796774763,-0.0107153610,0.0903928373,0.0913719204,0.3620853999,0.1237929878,2.9249265759,0.7792349617,0.8603678993
extended_10,adaptive_close,2026-04-20,0.0901740544,-0.0010225799,0.0911966344,0.0912899857,0.3615907873,0.1238166186,2.9203736248,0.7763495669,0.8609637415
extended_10,adaptive_close,2026-04-21,0.0976518869,0.0026751324,0.0949767546,0.0947233570,0.3748502037,0.1240478363,3.0218197662,0.7759053509,0.8602113492
extended_10,adaptive_close,2026-04-22,0.0748866356,-0.0107241947,0.0856108303,0.0865388902,0.3436136819,0.1259593211,2.7279734348,0.7753429413,0.8536329400
extended_10,adaptive_close,2026-04-23,0.0771890223,-0.0217458038,0.0989348261,0.1011340677,0.3995273730,0.1288403842,3.1009483204,0.7679851278,0.8473932531
extended_10,adaptive_close,2026-04-24,0.0830564601,-0.0303466909,0.1134031510,0.1169522652,0.4594989420,0.1256706015,3.6563757661,0.7747856442,0.8544267872
extended_10,adaptive_close,2026-04-27,0.0666042366,-0.0332903196,0.0998945562,0.1033345980,0.4080029276,0.1293335729,3.1546559682,0.7677603112,0.8450095379
extended_10,adaptive_close,2026-04-28,0.0647417881,-0.0481288160,0.1128706041,0.1185776038,0.4658192330,0.1291893675,3.6057087522,0.7701174538,0.8441375823
extended_10,adaptive_close,2026-04-29,0.0701171386,-0.0325406766,0.1026578153,0.1061107302,0.4185948308,0.1279274975,3.2721255325,0.7724959079,0.8493724865
extended_10,adaptive_close,2026-04-30,0.0846166045,-0.0242849939,0.1089015984,0.1116120975,0.4390184564,0.1266001634,3.4677558435,0.7661092359,0.8516161273
extended_10,adaptive_close,2026-05-06,0.1084728895,-0.0100609014,0.1185337909,0.1197384678,0.4687915646,0.1240002824,3.7805685231,0.7548653466,0.8572577010
extended_10,adaptive_close,2026-05-07,0.1006821813,0.0019075407,0.0987746406,0.0985865826,0.3886311349,0.1242235412,3.1284821798,0.7543187770,0.8567777830
extended_10,adaptive_close,2026-05-08,0.1003466748,0.0095769466,0.0907697281,0.0899086775,0.3551025605,0.1247231290,2.8471267794,0.7513121453,0.8565768482
extended_10,adaptive_close,2026-05-11,0.1220076213,0.0362570484,0.0857505729,0.0827502916,0.3277827260,0.1245540136,2.6316512540,0.7494399591,0.8529090370
extended_10,adaptive_close,2026-05-12,0.1061917373,0.0030661216,0.1031256157,0.1028103865,0.4050820519,0.1231158131,3.2902520144,0.7553020554,0.8553632561
extended_10,adaptive_close,2026-05-13,0.1073152126,0.0026604522,0.1046547604,0.1043770702,0.4110693884,0.1228878519,3.3450775001,0.7560171836,0.8558786918
extended_10,adaptive_close,2026-05-14,0.0981538236,-0.0061590870,0.1043129106,0.1049593645,0.4128210488,0.1230470487,3.3549853739,0.7516707629,0.8572892567
extended_10,adaptive_close,2026-05-15,0.0776213248,-0.0195574124,0.0971787372,0.0991172134,0.3907152526,0.1236776357,3.1591423169,0.7554934370,0.8559974206
extended_10,adaptive_close,2026-05-18,0.0543691508,-0.0350503360,0.0894194868,0.0926675143,0.3666035436,0.1257021911,2.9164451351,0.7593151791,0.8482989697
extended_10,adaptive_close,2026-05-19,0.0543838363,-0.0312090372,0.0855928735,0.0883501981,0.3498731284,0.1263204007,2.7697278226,0.7568867090,0.8472894182
extended_10,adaptive_close,2026-05-20,0.0299408362,-0.0361677750,0.0661086111,0.0685893348,0.2738759806,0.1303278245,2.1014390568,0.7673295608,0.8392180407
extended_10,adaptive_close,2026-05-21,0.0239115017,-0.0551041742,0.0790156759,0.0836236903,0.3316299559,0.1275392128,2.6002195602,0.7701503391,0.8530934646
extended_10,adaptive_close,2026-05-22,0.0369222460,-0.0327991312,0.0697213773,0.0720857265,0.2863358060,0.1292459669,2.2154331998,0.7622177455,0.8507064248
extended_10,adaptive_close,2026-05-25,0.0147702890,-0.0520464704,0.0668167594,0.0704852689,0.2801818580,0.1293862525,2.1654685296,0.7607321831,0.8472117510
extended_10,adaptive_close,2026-05-26,-0.0296746034,-0.0728759773,0.0432013739,0.0465971896,0.1841517233,0.1244224311,1.4800524441,0.7509308959,0.8585427197
extended_10,adaptive_close,2026-05-27,-0.0453403935,-0.0915896917,0.0462492981,0.0509123440,0.2015770554,0.1236738437,1.6299085506,0.7617822089,0.8638575631
extended_10,adaptive_close,2026-05-28,-0.0499147407,-0.0932513316,0.0433365909,0.0477933880,0.1891909379,0.1246009136,1.5183752061,0.7610175211,0.8614516176
extended_10,adaptive_close,2026-05-29,-0.0359231212,-0.0918970455,0.0559739243,0.0616383021,0.2440616653,0.1284960086,1.8993715674,0.7481730608,0.8515480060
extended_10,adaptive_close,2026-06-01,0.0103995948,-0.0501868885,0.0605864833,0.0637877943,0.2547904943,0.1293759165,1.9693811742,0.7820666669,0.8518841683
extended_10,adaptive_close,2026-06-02,-0.0207071075,-0.0560329143,0.0353258068,0.0374227103,0.1501719047,0.1277183223,1.1758054912,0.8007722873,0.8581403976
extended_10,adaptive_close,2026-06-03,-0.0485530656,-0.0723931337,0.0238400682,0.0257006163,0.1022716145,0.1274884038,0.8022032708,0.7974801307,0.8576971559
extended_10,adaptive_close,2026-06-04,-0.0914536917,-0.1022088736,0.0107551819,0.0119796037,0.0449219270,0.1261656764,0.3560550561,0.7811883071,0.8562058382
extended_10,adaptive_close,2026-06-05,-0.0727421022,-0.0910366148,0.0182945126,0.0201267871,0.0788328912,0.1267587694,0.6219127213,0.7854836706,0.8558097487
extended_10,adaptive_close,2026-06-08,-0.0976701927,-0.1241062947,0.0264361020,0.0301818609,0.1194730282,0.1273985178,0.9377897820,0.7824912071,0.8577419335
extended_10,adaptive_close,2026-06-09,-0.1002147147,-0.1159050637,0.0156903490,0.0177473576,0.0682351118,0.1266590336,0.5387307157,0.7802035726,0.8603020832
extended_10,adaptive_close,2026-06-10,-0.1119558688,-0.1196509389,0.0076950701,0.0087409306,0.0311087910,0.1263673672,0.2461774087,0.7838436966,0.8615615077
extended_10,adaptive_close,2026-06-11,-0.1263142079,-0.1244135956,-0.0019006122,-0.0021706736,-0.0142455655,0.1263630733,-0.1127351930,0.7884779322,0.8623625286
extended_10,adaptive_close,2026-06-12,-0.1094589017,-0.1141903678,0.0047314660,0.0053414028,0.0183840653,0.1293566443,0.1421192192,0.8050544844,0.8592251281
extended_10,adaptive_close,2026-06-15,-0.0960670781,-0.0885142711,-0.0075528070,-0.0082862592,-0.0384558376,0.1273998359,-0.3018515471,0.8138950429,0.8629837669
extended_10,adaptive_close,2026-06-16,-0.0959676610,-0.0917716259,-0.0041960351,-0.0046200221,-0.0228753017,0.1259013824,-0.1816922201,0.8180417823,0.8658827412
extended_10,adaptive_close,2026-06-17,-0.1037948987,-0.0821849503,-0.0216099484,-0.0235449924,-0.1018153521,0.1315918307,-0.7737209184,0.8275539868,0.8528750350
extended_10,adaptive_close,2026-06-18,-0.1023552624,-0.0653807607,-0.0369745017,-0.0395610321,-0.1702224174,0.1317186108,-1.2923186512,0.8376609703,0.8492811306
extended_10,adaptive_close,2026-06-22,-0.0616634634,-0.0064074205,-0.0552560429,-0.0556123747,-0.2385085853,0.1293905222,-1.8433234621,0.8548769282,0.8241593850
extended_10,adaptive_close,2026-06-23,-0.0884853826,-0.0383766544,-0.0501087282,-0.0521084772,-0.2221229888,0.1289388689,-1.7226999945,0.8553625984,0.8066655263
extended_10,adaptive_close,2026-06-24,-0.1073910543,-0.0735866904,-0.0338043639,-0.0364895059,-0.1544783625,0.1350151508,-1.1441557604,0.8092831041,0.7808453763
extended_10,adaptive_close,2026-06-25,-0.1001425132,-0.0760522381,-0.0240902751,-0.0260732004,-0.1096237842,0.1389079162,-0.7891831310,0.7917072660,0.7682798571
extended_10,adaptive_close,2026-06-26,-0.1109170429,-0.1127194600,0.0018024171,0.0020313949,0.0086823866,0.1483301234,0.0585342099,0.7410705773,0.7365496698
extended_10,adaptive_close,2026-06-29,-0.1162854761,-0.1167704905,0.0004850145,0.0005491375,0.0023886429,0.1482020509,0.0161174753,0.7388740228,0.7359351260
extended_10,adaptive_close,2026-06-30,-0.1144151474,-0.0981653840,-0.0162497634,-0.0180185625,-0.0758051960,0.1456895721,-0.5203199854,0.7520129251,0.7428653625
extended_10,adaptive_open,2025-07-01,0.0229038512,0.0720388285,-0.0491349772,-0.0458332067,-0.2269683935,0.2521542348,-0.9001173180,0.1097160462,0.2939896130
extended_10,adaptive_open,2025-07-02,0.0254402845,0.0657555132,-0.0403152286,-0.0378278396,-0.1916725852,0.2513383569,-0.7626077750,0.1109493219,0.2963129645
extended_10,adaptive_open,2025-07-03,0.0303926792,0.0721151127,-0.0417224335,-0.0389160017,-0.1962590939,0.2511921456,-0.7813106318,0.1103624242,0.2928903161
extended_10,adaptive_open,2025-07-04,0.0296974835,0.1314715426,-0.1017740591,-0.0899484037,-0.4201655783,0.2285700005,-1.8382358897,0.1296135690,0.3148019404
extended_10,adaptive_open,2025-07-07,0.0286546883,0.2066381535,-0.1779834652,-0.1475035948,-0.6836081746,0.1726223197,-3.9601378077,0.2116060623,0.3999035418
extended_10,adaptive_open,2025-07-08,0.0360246082,0.2360329631,-0.2000083549,-0.1618147419,-0.7548502126,0.1709460659,-4.4157214644,0.2209964598,0.4125695300
extended_10,adaptive_open,2025-07-09,0.0426165117,0.1860883360,-0.1434718243,-0.1209621745,-0.5497984162,0.1389382942,-3.9571409688,0.3154715835,0.4977568048
extended_10,adaptive_open,2025-07-10,0.0517678070,0.1787738156,-0.1270060086,-0.1077441719,-0.4868570629,0.1402042906,-3.4724833380,0.3134736897,0.4876658485
extended_10,adaptive_open,2025-07-11,0.0551255021,0.1570495581,-0.1019240560,-0.0880896201,-0.3942226054,0.1327741927,-2.9691207108,0.3427983835,0.5127110602
extended_10,adaptive_open,2025-07-14,0.0569783552,0.1433304566,-0.0863521013,-0.0755268093,-0.3365007458,0.1315901934,-2.5571871067,0.3477811082,0.5171665107
extended_10,adaptive_open,2025-07-15,0.0624904128,0.1501614316,-0.0876710188,-0.0762249684,-0.3396609451,0.1315368457,-2.5822494317,0.3494752415,0.5175579359
extended_10,adaptive_open,2025-07-16,0.0483363512,0.1561710373,-0.1078346861,-0.0932688007,-0.4172271466,0.1270940411,-3.2828222537,0.3903490129,0.5475527182
extended_10,adaptive_open,2025-07-17,0.0559816061,0.1492831268,-0.0933015207,-0.0811823636,-0.3613079862,0.1259658295,-2.8683015669,0.3994422359,0.5526464721
extended_10,adaptive_open,2025-07-18,0.0595126396,0.1609385052,-0.1014258656,-0.0873654075,-0.3897259372,0.1256891348,-3.1007130244,0.4013034551,0.5541915401
extended_10,adaptive_open,2025-07-21,0.0605063565,0.1466017918,-0.0860954353,-0.0750874767,-0.3331822372,0.1228868064,-2.7112938081,0.4148164296,0.5651580735
extended_10,adaptive_open,2025-07-22,0.0695493260,0.1546980967,-0.0851487707,-0.0737411545,-0.3272621621,0.1225941630,-2.6694758880,0.4239475320,0.5792622868
extended_10,adaptive_open,2025-07-23,0.0705307552,0.1538047306,-0.0832739754,-0.0721733698,-0.3201479564,0.1225239633,-2.6129415640,0.4242055446,0.5797056979
extended_10,adaptive_open,2025-07-24,0.0597994659,0.1499090781,-0.0901096122,-0.0783623801,-0.3481330440,0.1219427866,-2.8548883764,0.4400626015,0.5917186495
extended_10,adaptive_open,2025-07-25,0.0765014709,0.1642047171,-0.0877032461,-0.0753331823,-0.3341665324,0.1222725366,-2.7329647492,0.4595835606,0.6017730031
extended_10,adaptive_open,2025-07-28,0.0763465516,0.1832763205,-0.1069297689,-0.0903675389,-0.4025219087,0.1172729473,-3.4323509229,0.4853259039,0.6158061371
extended_10,adaptive_open,2025-07-29,0.0722123368,0.1729042759,-0.1006919391,-0.0858483861,-0.3813892467,0.1157718891,-3.2943165199,0.4959634061,0.6212081813
extended_10,adaptive_open,2025-07-30,0.0672381400,0.1564992093,-0.0892610692,-0.0771821273,-0.3414811634,0.1140574292,-2.9939405600,0.5088337334,0.6314842897
extended_10,adaptive_open,2025-07-31,0.0598132896,0.1251051382,-0.0652918486,-0.0580317753,-0.2537655784,0.1025128313,-2.4754518551,0.5854186697,0.6787995418
extended_10,adaptive_open,2025-08-01,0.0628712146,0.1144114719,-0.0515402573,-0.0462488574,-0.2020752959,0.1004875622,-2.0109483364,0.5829633003,0.7010484675
extended_10,adaptive_open,2025-08-04,0.0681450278,0.1053751554,-0.0372301276,-0.0336809882,-0.1468467727,0.0956026862,-1.5360109478,0.6077339906,0.7252717854
extended_10,adaptive_open,2025-08-05,0.1021194350,0.1237197348,-0.0216002998,-0.0192221415,-0.0851518252,0.0902972023,-0.9430173146,0.6088512607,0.7631929375
extended_10,adaptive_open,2025-08-06,0.0886905961,0.1230948440,-0.0344042480,-0.0306334306,-0.1344947054,0.0928753962,-1.4481198554,0.5899408321,0.7470227220
extended_10,adaptive_open,2025-08-07,0.1010854598,0.1371671121,-0.0360816523,-0.0317294194,-0.1391446892,0.0927521640,-1.5001772801,0.5873052606,0.7407552561
extended_10,adaptive_open,2025-08-08,0.1080995364,0.1333213305,-0.0252217941,-0.0222547599,-0.0983031735,0.0923074819,-1.0649534736,0.5840542008,0.7441533224
extended_10,adaptive_open,2025-08-11,0.1245815300,0.1481401275,-0.0235585975,-0.0205189218,-0.0905850935,0.0927095264,-0.9770850634,0.5908656205,0.7384509763
extended_10,adaptive_open,2025-08-12,0.1313502028,0.1529212946,-0.0215710918,-0.0187099431,-0.0829429868,0.0921508614,-0.9000782585,0.5922438140,0.7450097749
extended_10,adaptive_open,2025-08-13,0.1221925455,0.1414620003,-0.0192694547,-0.0168813808,-0.0753416097,0.0927735439,-0.8121023146,0.5739445166,0.7388407787
extended_10,adaptive_open,2025-08-14,0.1069553648,0.1343610287,-0.0274056639,-0.0241595605,-0.1064207647,0.0943269960,-1.1282111079,0.5723875333,0.7272360926
extended_10,adaptive_open,2025-08-15,0.0866946813,0.1164858869,-0.0297912056,-0.0266830113,-0.1176465142,0.0934903936,-1.2583807771,0.6016997140,0.7623321809
extended_10,adaptive_open,2025-08-18,0.1031599096,0.1465031303,-0.0433432207,-0.0378047121,-0.1666234219,0.0974520544,-1.7097989662,0.5649996231,0.7444312014
extended_10,adaptive_open,2025-08-19,0.1111179071,0.1655725485,-0.0544546414,-0.0467192209,-0.2056225937,0.0971282147,-2.1170222704,0.5627150772,0.7369943133
extended_10,adaptive_open,2025-08-20,0.1165796307,0.1599210230,-0.0433413923,-0.0373658132,-0.1644278227,0.0952508611,-1.7262607471,0.5723446233,0.7458988643
extended_10,adaptive_open,2025-08-21,0.1191967646,0.1643582130,-0.0451614485,-0.0387865589,-0.1706981569,0.0952734129,-1.7916662341,0.5745625620,0.7488378700
extended_10,adaptive_open,2025-08-22,0.1254763219,0.1669201419,-0.0414438199,-0.0355155580,-0.1563417022,0.0960380786,-1.6279136821,0.5728980151,0.7433799627
extended_10,adaptive_open,2025-08-25,0.1167777864,0.1588557368,-0.0420779505,-0.0363099126,-0.1597013204,0.0961524719,-1.6609174698,0.5712405939,0.7389486908
extended_10,adaptive_open,2025-08-26,0.1285617417,0.1807803447,-0.0522186030,-0.0442238078,-0.1938301260,0.0937535282,-2.0674435366,0.5817430777,0.7319271107
extended_10,adaptive_open,2025-08-27,0.1420436975,0.1771855343,-0.0351418367,-0.0298524198,-0.1305949621,0.0911287312,-1.4330821947,0.6119171360,0.7463302047
extended_10,adaptive_open,2025-08-28,0.1122932222,0.1318441548,-0.0195509327,-0.0172735200,-0.0768829744,0.0911510949,-0.8434673710,0.6464252073,0.7886806631
extended_10,adaptive_open,2025-08-29,0.1106583977,0.1375863732,-0.0269279755,-0.0236711481,-0.1043347460,0.0921179979,-1.1326206437,0.6436467326,0.7835420500
extended_10,adaptive_open,2025-09-01,0.1007419995,0.1322496388,-0.0315076394,-0.0278274669,-0.1223145113,0.0918883609,-1.3311208314,0.6428466485,0.7846955500
extended_10,adaptive_open,2025-09-02,0.1014091872,0.1318295675,-0.0304203803,-0.0268771740,-0.1181871831,0.0917065644,-1.2887537972,0.6440395386,0.7854353777
extended_10,adaptive_open,2025-09-03,0.1079243184,0.1248999132,-0.0169755947,-0.0150907601,-0.0678180884,0.0955683707,-0.7096290108,0.6223760393,0.7701035287
extended_10,adaptive_open,2025-09-04,0.0892181219,0.0987282548,-0.0095101329,-0.0086555824,-0.0409396504,0.0966668730,-0.4235127205,0.6253115746,0.7842311173
extended_10,adaptive_open,2025-09-05,0.1002417024,0.0972080791,0.0030336233,0.0027648569,0.0073951933,0.0987692210,0.0748734594,0.6233693203,0.7739513287
extended_10,adaptive_open,2025-09-08,0.1044444873,0.1373656914,-0.0329212041,-0.0289451355,-0.1274452087,0.0895118467,-1.4237803529,0.6663373564,0.8133767580
extended_10,adaptive_open,2025-09-09,0.1069459360,0.1389901033,-0.0320441672,-0.0281338417,-0.1239041559,0.0894878913,-1.3845913021,0.6695283363,0.8146111608
extended_10,adaptive_open,2025-09-10,0.1022271589,0.1373721025,-0.0351449436,-0.0309001280,-0.1358698702,0.0890780010,-1.5252909669,0.6731301581,0.8171566740
extended_10,adaptive_open,2025-09-11,0.1102003880,0.1466641065,-0.0364637185,-0.0317998255,-0.1399179697,0.0892854100,-1.5670866014,0.6636529416,0.8139806032
extended_10,adaptive_open,2025-09-12,0.1271570523,0.1776155203,-0.0504584680,-0.0428479985,-0.1881122452,0.0892433647,-2.1078569339,0.6600032407,0.8072996914
extended_10,adaptive_open,2025-09-15,0.1272872821,0.1869820167,-0.0596947345,-0.0502911870,-0.2207105317,0.0877638460,-2.5148229219,0.6699262139,0.8091353774
extended_10,adaptive_open,2025-09-16,0.0974299770,0.1628943700,-0.0654643930,-0.0562943588,-0.2472004063,0.0885564780,-2.7914435176,0.6526361145,0.7927457550
extended_10,adaptive_open,2025-09-17,0.0935991590,0.1510317546,-0.0574325956,-0.0498966213,-0.2184083937,0.0873661452,-2.4999202283,0.6597514595,0.7898582414
extended_10,adaptive_open,2025-09-18,0.0875426075,0.1497596468,-0.0622170393,-0.0541130831,-0.2371702792,0.0868830359,-2.7297651009,0.6588485618,0.7921426484
extended_10,adaptive_open,2025-09-19,0.0722631758,0.1286196769,-0.0563565011,-0.0499340054,-0.2189536847,0.0875902600,-2.4997492272,0.6637451284,0.8055432476
extended_10,adaptive_open,2025-09-22,0.0716329579,0.1186462854,-0.0470133274,-0.0420269821,-0.1840851764,0.0880888832,-2.0897662639,0.6614728728,0.8033025994
extended_10,adaptive_open,2025-09-23,0.0642522415,0.1031496200,-0.0388973785,-0.0352602927,-0.1542812040,0.0864342946,-1.7849535843,0.6740800906,0.8102954412
extended_10,adaptive_open,2025-09-24,0.0488575122,0.0853716019,-0.0365140897,-0.0336420168,-0.1471732513,0.0863584362,-1.7042139456,0.6850155065,0.8169365197
extended_10,adaptive_open,2025-09-25,0.0575653937,0.1027274788,-0.0451620851,-0.0409548923,-0.1791801476,0.0850680762,-2.1063147950,0.6972002679,0.8282446804
extended_10,adaptive_open,2025-09-26,0.0480524461,0.0905118445,-0.0424593984,-0.0389352932,-0.1702512181,0.0848232728,-2.0071286147,0.7050183550,0.8322342271
extended_10,adaptive_open,2025-09-29,0.0577815076,0.1010958629,-0.0433143553,-0.0393374971,-0.1716842623,0.0846711466,-2.0276595872,0.7148075104,0.8293530482
extended_10,adaptive_open,2025-09-30,0.0508974312,0.0934330689,-0.0425356376,-0.0389009980,-0.1695604533,0.0845069488,-2.0064675823,0.7171596978,0.8257600775
extended_10,adaptive_open,2025-10-09,0.0461284419,0.0853720928,-0.0392436509,-0.0361568638,-0.1575205615,0.0845246041,-1.8636060247,0.7161747392,0.8240558838
extended_10,adaptive_open,2025-10-10,0.0358215524,0.0814655786,-0.0456440261,-0.0422057133,-0.1841383173,0.0826771347,-2.2271976171,0.7164137013,0.8324146894
extended_10,adaptive_open,2025-10-13,0.0212527342,0.0501544920,-0.0289017579,-0.0275214343,-0.1212307022,0.0876423012,-1.3832441693,0.6863304834,0.8318139326
extended_10,adaptive_open,2025-10-14,0.0449612217,0.0819214263,-0.0369602046,-0.0341616347,-0.1504780935,0.0877057665,-1.7157149344,0.7090125582,0.8535472623
extended_10,adaptive_open,2025-10-15,0.0461439689,0.0654926714,-0.0193487026,-0.0181593953,-0.0816205030,0.0947106450,-0.8617880605,0.6837919664,0.8299314693
extended_10,adaptive_open,2025-10-16,0.0696841334,0.0884361267,-0.0187519934,-0.0172283820,-0.0779185987,0.0946034546,-0.8236337558,0.6741793920,0.8299263812
extended_10,adaptive_open,2025-10-17,0.0581919497,0.0747706399,-0.0165786902,-0.0154253285,-0.0703914847,0.0949098140,-0.7416670802,0.6699628004,0.8309792910
extended_10,adaptive_open,2025-10-20,0.0538568322,0.0586370432,-0.0047802109,-0.0045154390,-0.0241661015,0.0959061390,-0.2519765867,0.6652498368,0.8284716189
extended_10,adaptive_open,2025-10-21,0.0552164551,0.0668691989,-0.0116527439,-0.0109223735,-0.0514578565,0.0970164750,-0.5304032797,0.6600697319,0.8260742335
extended_10,adaptive_open,2025-10-22,0.0551935726,0.0660528451,-0.0108592725,-0.0101864298,-0.0482874029,0.0968169848,-0.4987492951,0.6611908937,0.8262465539
extended_10,adaptive_open,2025-10-23,0.0580816358,0.0679529050,-0.0098712691,-0.0092431690,-0.0442863015,0.0967763441,-0.4576149462,0.6616606234,0.8266432961
extended_10,adaptive_open,2025-10-24,0.0783917008,0.0819297503,-0.0035380495,-0.0032701286,-0.0190100501,0.0970345199,-0.1959101781,0.6578104648,0.8236453982
extended_10,adaptive_open,2025-10-27,0.0605707336,0.0695742106,-0.0090034770,-0.0084178143,-0.0409422812,0.0968845834,-0.4225881954,0.6458076869,0.8208345174
extended_10,adaptive_open,2025-10-28,0.0590080122,0.0662013554,-0.0071933431,-0.0067467023,-0.0338743192,0.0968849506,-0.3496344790,0.6459606296,0.8212093436
extended_10,adaptive_open,2025-10-29,0.0681364265,0.0647238318,0.0034125947,0.0032051454,0.0080294067,0.0959397667,0.0836921641,0.6484484862,0.8251507416
extended_10,adaptive_open,2025-10-30,0.0695226011,0.0667633865,0.0027592146,0.0025865291,0.0054342242,0.0959912888,0.0566116389,0.6475624299,0.8245781611
extended_10,adaptive_open,2025-10-31,0.0728327974,0.0586763991,0.0141563983,0.0133717898,0.0501123319,0.0962066908,0.5208819836,0.6415622728,0.8274812849
extended_10,adaptive_open,2025-11-03,0.0974907963,0.0863102034,0.0111805928,0.0102922653,0.0373230169,0.0962550011,0.3877514568,0.6357470960,0.8245087368
extended_10,adaptive_open,2025-11-04,0.1010320216,0.0888989593,0.0121330622,0.0111425051,0.0408438605,0.0961663976,0.4247207088,0.6362766925,0.8254437855
extended_10,adaptive_open,2025-11-05,0.0798926762,0.0634781756,0.0164145006,0.0154347320,0.0585965302,0.0963427763,0.6082088603,0.6292173429,0.8222451572
extended_10,adaptive_open,2025-11-06,0.0884253214,0.0719319614,0.0164933601,0.0153865737,0.0580283911,0.0964106066,0.6018880408,0.6260059991,0.8287806355
extended_10,adaptive_open,2025-11-07,0.0884028385,0.0683007129,0.0201021256,0.0188169167,0.0722215318,0.0968219493,0.7459210673,0.6247331860,0.8267800121
extended_10,adaptive_open,2025-11-10,0.0930273999,0.0778723417,0.0151550582,0.0140601606,0.0525389479,0.0966544383,0.5435751194,0.6261224598,0.8280915804
extended_10,adaptive_open,2025-11-11,0.0960984691,0.0781795677,0.0179189014,0.0166195891,0.0632708551,0.0973666203,0.6498207998,0.6284322412,0.8245333139
extended_10,adaptive_open,2025-11-12,0.0969427847,0.0729497936,0.0239929911,0.0223617090,0.0871171472,0.0964813019,0.9029433212,0.6331581233,0.8258366572
extended_10,adaptive_open,2025-11-13,0.0852029363,0.0732361169,0.0119668194,0.0111502206,0.0407631987,0.0953673369,0.4274335431,0.6377145429,0.8305084572
extended_10,adaptive_open,2025-11-14,0.0996136083,0.0786649562,0.0209486521,0.0194209073,0.0748719523,0.0935950296,0.7999564994,0.6395111244,0.8395512941
extended_10,adaptive_open,2025-11-17,0.1255697240,0.1046932905,0.0208764335,0.0188979454,0.0732183577,0.0935121603,0.7829822073,0.6273556888,0.8233607101
extended_10,adaptive_open,2025-11-18,0.1121697858,0.0859739517,0.0261958342,0.0241219728,0.0954561069,0.0906445732,1.0530813206,0.6516402181,0.8261574106
extended_10,adaptive_open,2025-11-19,0.1087535781,0.0696131745,0.0391404036,0.0365930455,0.1461867011,0.0911966607,1.6029830472,0.6484927980,0.8269369053
extended_10,adaptive_open,2025-11-20,0.0952102204,0.0539120001,0.0412982204,0.0391856439,0.1565921036,0.0912543512,1.7159960221,0.6521243026,0.8302571674
extended_10,adaptive_open,2025-11-21,0.0713624281,0.0208426812,0.0505197468,0.0494882784,0.1975342320,0.0923533174,2.1388969842,0.6505270315,0.8365751199
extended_10,adaptive_open,2025-11-24,0.0444409955,-0.0040480519,0.0484890474,0.0486861314,0.1937614056,0.0921518282,2.1026322476,0.6647927502,0.8535390761
extended_10,adaptive_open,2025-11-25,0.0510802536,0.0026062210,0.0484740326,0.0483480270,0.1922800824,0.0922365790,2.0846402197,0.6639159668,0.8557740053
extended_10,adaptive_open,2025-11-26,0.0504389851,0.0062082436,0.0442307415,0.0439578405,0.1745839872,0.0924384690,1.8886507861,0.6624401341,0.8558769981
extended_10,adaptive_open,2025-11-27,0.0297598125,-0.0093805114,0.0391403240,0.0395109570,0.1565232820,0.0923780248,1.6943778830,0.6557256748,0.8545779943
extended_10,adaptive_open,2025-11-28,0.0588660854,0.0204455930,0.0384204924,0.0376507015,0.1497067446,0.0920321285,1.6266791497,0.6398782966,0.8352324896
extended_10,adaptive_open,2025-12-01,0.0755540250,0.0306415779,0.0449124471,0.0435771737,0.1735826610,0.0908102929,1.9114866328,0.6496727556,0.8453577770
extended_10,adaptive_open,2025-12-02,0.0784003758,0.0316079199,0.0467924559,0.0453587599,0.1807409369,0.0907071836,1.9925757772,0.6493219013,0.8458496884
extended_10,adaptive_open,2025-12-03,0.0685302189,0.0205273227,0.0480028962,0.0470373455,0.1876209161,0.0904078980,2.0752713011,0.6534478168,0.8450055669
extended_10,adaptive_open,2025-12-04,0.0594224062,0.0239210026,0.0355014036,0.0346720142,0.1379075993,0.0869167072,1.5866638744,0.6696896244,0.8568358451
extended_10,adaptive_open,2025-12-05,0.0683735303,0.0320602092,0.0363133211,0.0351852739,0.1402098902,0.0870934814,1.6098781224,0.6633194880,0.8492330403
extended_10,adaptive_open,2025-12-08,0.0651228621,0.0442910609,0.0208318012,0.0199482711,0.0775051112,0.0856387895,0.9050234314,0.6608221325,0.8603521869
extended_10,adaptive_open,2025-12-09,0.0550969685,0.0279915340,0.0271054345,0.0263673713,0.1043847861,0.0833429879,1.2524723288,0.6725945708,0.8599963413
extended_10,adaptive_open,2025-12-10,0.0303866454,0.0061299982,0.0242566472,0.0241088599,0.0952856398,0.0835815709,1.1400316938,0.6745226183,0.8558478584
extended_10,adaptive_open,2025-12-11,0.0283103981,0.0118011038,0.0165092943,0.0163167388,0.0632989930,0.0847622160,0.7467831295,0.6732107918,0.8498529056
extended_10,adaptive_open,2025-12-12,0.0126172088,-0.0083076990,0.0209249077,0.0211002019,0.0830797036,0.0839375736,0.9897796658,0.6939563057,0.8603233692
extended_10,adaptive_open,2025-12-15,-0.0032692319,-0.0268654741,0.0235962422,0.0242476673,0.0963583202,0.0831151715,1.1593349146,0.7051325456,0.8594969860
extended_10,adaptive_open,2025-12-16,0.0100399451,-0.0228864129,0.0329263579,0.0336975745,0.1351547009,0.0847217889,1.5952767597,0.7085277161,0.8530350259
extended_10,adaptive_open,2025-12-17,0.0088677167,-0.0404566799,0.0493243966,0.0514040331,0.2057896378,0.0856128861,2.4037227008,0.6966457056,0.8589728811
extended_10,adaptive_open,2025-12-18,0.0039481998,-0.0452907339,0.0492389337,0.0515747940,0.2064951147,0.0855977490,2.4123895431,0.6956965213,0.8576749597
extended_10,adaptive_open,2025-12-19,0.0136964064,-0.0378149873,0.0515113936,0.0535358512,0.2143680823,0.0855201501,2.5066382851,0.7015624518,0.8603804613
extended_10,adaptive_open,2025-12-22,0.0442314300,-0.0046829716,0.0489144016,0.0491445441,0.1971568977,0.0851656507,2.3149814047,0.7098687829,0.8608055951
extended_10,adaptive_open,2025-12-23,0.0413497997,-0.0019343622,0.0432841619,0.0433680514,0.1739784887,0.0848632140,2.0501048762,0.7111464007,0.8617176388
extended_10,adaptive_open,2025-12-24,0.0356202158,-0.0041653160,0.0397855317,0.0399519442,0.1603583344,0.0855413962,1.8746284439,0.7162061889,0.8594776982
extended_10,adaptive_open,2025-12-25,0.0584346716,0.0165024820,0.0419321896,0.0412514384,0.1655936453,0.0854989320,1.9367919730,0.7115456360,0.8585311889
extended_10,adaptive_open,2025-12-26,0.0502273965,0.0078019342,0.0424254623,0.0420970241,0.1690578574,0.0854448749,1.9785605346,0.7069685451,0.8545731378
extended_10,adaptive_open,2025-12-29,0.0576644693,0.0142489499,0.0434155194,0.0428055848,0.1718524899,0.0853695319,2.0130424298,0.7013061187,0.8534659654
extended_10,adaptive_open,2025-12-30,0.0413554328,0.0087797531,0.0325756797,0.0322921625,0.1292079659,0.0841810001,1.5348827615,0.7050065674,0.8588307383
extended_10,adaptive_open,2025-12-31,0.0403678826,0.0010714275,0.0392964551,0.0392543968,0.1575553174,0.0827826831,1.9032400429,0.7112394528,0.8626127540
extended_10,adaptive_open,2026-01-05,0.0407584739,0.0022963538,0.0384621201,0.0383739998,0.1539912234,0.0827886473,1.8600524150,0.7111805001,0.8626837228
extended_10,adaptive_open,2026-01-06,0.0566955546,0.0156765185,0.0410190362,0.0403859255,0.1623323251,0.0830162552,1.9554281825,0.7211045073,0.8636537874
extended_10,adaptive_open,2026-01-07,0.0960621171,0.0499451513,0.0461169659,0.0439232143,0.1788448586,0.0859542281,2.0806987925,0.7724647941,0.8404032425
extended_10,adaptive_open,2026-01-08,0.0587925676,0.0154671937,0.0433253739,0.0426654590,0.1744086746,0.0862391227,2.0223846099,0.7706065193,0.8162404138
extended_10,adaptive_open,2026-01-09,0.0604122366,0.0395030934,0.0209091432,0.0201145561,0.0825058714,0.0801617292,1.0292426601,0.7943355851,0.8423940716
extended_10,adaptive_open,2026-01-12,0.0574941494,0.0406107717,0.0168833776,0.0162244886,0.0663187900,0.0811400809,0.8173369967,0.7856525756,0.8386152816
extended_10,adaptive_open,2026-01-13,0.0781014977,0.0617816691,0.0163198286,0.0153702301,0.0631045460,0.0809886790,0.7791773710,0.8025691107,0.8426035753
extended_10,adaptive_open,2026-01-14,0.0867520557,0.0623181717,0.0244338840,0.0230005329,0.0946740123,0.0851558335,1.1117736552,0.7901043712,0.8260890767
extended_10,adaptive_open,2026-01-15,0.0802333602,0.0527380097,0.0274953505,0.0261179422,0.1076605160,0.0842023630,1.2785925740,0.8006524595,0.8288404458
extended_10,adaptive_open,2026-01-16,0.0747844918,0.0439187491,0.0308657427,0.0295671887,0.1219840856,0.0834084873,1.4624900839,0.8087055574,0.8281570811
extended_10,adaptive_open,2026-01-19,0.0613190631,0.0291891628,0.0321299003,0.0312186540,0.1286902315,0.0833779682,1.5434560735,0.8124023363,0.8316768451
extended_10,adaptive_open,2026-01-20,0.0674140571,0.0431057266,0.0243083305,0.0233038031,0.0959440222,0.0835723537,1.1480354192,0.8053413309,0.8385956216
extended_10,adaptive_open,2026-01-21,0.0706641354,0.0406755720,0.0299885634,0.0288164383,0.1185142770,0.0836226791,1.4172504193,0.8045437096,0.8384258915
extended_10,adaptive_open,2026-01-22,0.0807640263,0.0551803518,0.0255836745,0.0242457836,0.0996665993,0.0840750025,1.1854486631,0.8000833216,0.8391608626
extended_10,adaptive_open,2026-01-23,0.0877394508,0.0641138808,0.0236255700,0.0222021068,0.0912748078,0.0839306458,1.0875027467,0.8036215485,0.8423845140
extended_10,adaptive_open,2026-01-26,0.0965922620,0.0776163288,0.0189759332,0.0176091738,0.0721131046,0.0850288445,0.8481016648,0.7930386042,0.8400177682
extended_10,adaptive_open,2026-01-27,0.1073362011,0.0782536073,0.0290825938,0.0269719420,0.1106435635,0.0895662575,1.2353264125,0.7757762539,0.8218761125
extended_10,adaptive_open,2026-01-28,0.0815875167,0.0598332227,0.0217542940,0.0205261484,0.0845841830,0.0910907359,0.9285706410,0.7862251857,0.8158219365
extended_10,adaptive_open,2026-01-29,0.0668643003,0.0463037815,0.0205605187,0.0196506207,0.0811080131,0.0911896117,0.8894435632,0.7934564472,0.8174438498
extended_10,adaptive_open,2026-01-30,0.0657354923,0.0462842068,0.0194512855,0.0185908240,0.0767661628,0.0910723119,0.8429143961,0.7952510092,0.8181415990
extended_10,adaptive_open,2026-02-02,0.0711929250,0.0309791201,0.0402138049,0.0390054503,0.1608813339,0.0895485517,1.7965821987,0.8235689086,0.8206770737
extended_10,adaptive_open,2026-02-03,0.0631907174,0.0246955128,0.0384952046,0.0375674570,0.1549547248,0.0893214913,1.7347977794,0.8218689959,0.8222265616
extended_10,adaptive_open,2026-02-04,0.0568939146,0.0278971358,0.0289967788,0.0282098060,0.1167298360,0.0920543844,1.2680529755,0.8061716406,0.8117639748
extended_10,adaptive_open,2026-02-05,0.0486743534,0.0248160282,0.0238583252,0.0232805934,0.0962687859,0.0909218880,1.0588075988,0.7981478295,0.8133514520
extended_10,adaptive_open,2026-02-06,0.0638592012,0.0132001686,0.0506590326,0.0499990369,0.2053208027,0.1045207258,1.9644027648,0.7721913561,0.7612698551
extended_10,adaptive_open,2026-02-09,0.0908522865,0.0364418916,0.0544103949,0.0524972942,0.2152090261,0.1042649778,2.0640586189,0.7829705020,0.7786586564
extended_10,adaptive_open,2026-02-10,0.0869863394,0.0372551374,0.0497312020,0.0479450043,0.1969109537,0.1048937082,1.8772427535,0.7778113181,0.7757414267
extended_10,adaptive_open,2026-02-11,0.0802090902,0.0348467694,0.0453623208,0.0438348190,0.1803170460,0.1045741495,1.7242984697,0.7766717710,0.7764901667
extended_10,adaptive_open,2026-02-12,0.0897211279,0.0331633885,0.0565577394,0.0547422992,0.2238205788,0.1027317589,2.1786892510,0.7758519545,0.7825662782
extended_10,adaptive_open,2026-02-13,0.0654121241,0.0337831726,0.0316289515,0.0305953437,0.1277979217,0.1070488209,1.1938283920,0.8131233826,0.7769126852
extended_10,adaptive_open,2026-02-24,0.0768507413,0.0455566900,0.0312940513,0.0299305161,0.1251907961,0.1070110563,1.1698865560,0.8128682665,0.7735203979
extended_10,adaptive_open,2026-02-25,0.1240402437,0.0779417950,0.0460984486,0.0427652484,0.1795128749,0.1139426835,1.5754664485,0.8634706869,0.7543162503
extended_10,adaptive_open,2026-02-26,0.1545206021,0.1146397218,0.0398808804,0.0357791667,0.1517124147,0.1136432706,1.3349881068,0.8672476213,0.7349418585
extended_10,adaptive_open,2026-02-27,0.1409813572,0.1011617023,0.0398196549,0.0361614964,0.1534861247,0.1135640155,1.3515383730,0.8791936272,0.7367843544
extended_10,adaptive_open,2026-03-02,0.1350508304,0.0938035115,0.0412473189,0.0377099895,0.1598101281,0.1134346298,1.4088301637,0.8825618756,0.7377915016
extended_10,adaptive_open,2026-03-03,0.1278993449,0.0940971077,0.0338022372,0.0308950978,0.1323859669,0.1146654976,1.1545405518,0.8912261254,0.7367504730
extended_10,adaptive_open,2026-03-04,0.0894736557,0.0524082344,0.0370654213,0.0352196230,0.1487381662,0.1155015430,1.2877591269,0.8675493800,0.7720181154
extended_10,adaptive_open,2026-03-05,0.0982382373,0.0547501628,0.0434880745,0.0412306876,0.1734867553,0.1157606199,1.4986681603,0.8835127683,0.7774754755
extended_10,adaptive_open,2026-03-06,0.1007962393,0.0473533614,0.0534428778,0.0510265970,0.2127479193,0.1171925385,1.8153708596,0.8737664275,0.7722619269
extended_10,adaptive_open,2026-03-09,0.1279190777,0.0678410825,0.0600779952,0.0562611761,0.2337824076,0.1170636702,1.9970534600,0.8815825879,0.7811345434
extended_10,adaptive_open,2026-03-10,0.1401822327,0.0791604488,0.0610217840,0.0565456082,0.2349563248,0.1170642823,2.0070709892,0.8804059105,0.7792946985
extended_10,adaptive_open,2026-03-11,0.1542666756,0.1020984100,0.0521682656,0.0473353969,0.1983821939,0.1163692285,1.7047650530,0.8894488807,0.7809035466
extended_10,adaptive_open,2026-03-12,0.1504009817,0.0887527635,0.0616482181,0.0566227891,0.2356978831,0.1158850738,2.0338933682,0.8971727924,0.7814645806
extended_10,adaptive_open,2026-03-13,0.1504710883,0.0781461790,0.0723249093,0.0670826560,0.2769532147,0.1160149421,2.3872202131,0.8911700840,0.7815754111
extended_10,adaptive_open,2026-03-16,0.1681366343,0.0843513460,0.0837852882,0.0772676573,0.3167537894,0.1162662725,2.7243824257,0.8797156321,0.7756994677
extended_10,adaptive_open,2026-03-17,0.1852405328,0.0862575254,0.0989830074,0.0911229658,0.3705002608,0.1155525565,3.2063354705,0.8795485968,0.7776164028
extended_10,adaptive_open,2026-03-18,0.1931353578,0.0862251379,0.1069102199,0.0984236289,0.3980936350,0.1157823834,3.4382919337,0.8591162968,0.7713661010
extended_10,adaptive_open,2026-03-19,0.1904268990,0.0921824693,0.0982444297,0.0899523958,0.3657648519,0.1181753344,3.0951031672,0.8567023883,0.7624195817
extended_10,adaptive_open,2026-03-20,0.1627270167,0.0750334156,0.0876936011,0.0815729072,0.3330801062,0.1172668396,2.8403605604,0.8624135535,0.7724912055
extended_10,adaptive_open,2026-03-23,0.1452250736,0.0491360134,0.0960890602,0.0915887540,0.3696886418,0.1213562370,3.0463093692,0.8128911982,0.7837576680
extended_10,adaptive_open,2026-03-24,0.1102523562,0.0255365004,0.0847158558,0.0826063780,0.3359526689,0.1231300784,2.7284370596,0.8505821658,0.7970496446
extended_10,adaptive_open,2026-03-25,0.1161195199,0.0340686067,0.0820509132,0.0793476494,0.3230983816,0.1233310825,2.6197644194,0.8477728990,0.8001560196
extended_10,adaptive_open,2026-03-26,0.1103466359,0.0326712898,0.0776753461,0.0752178809,0.3067771195,0.1236934691,2.4801399925,0.8404186186,0.7967921564
extended_10,adaptive_open,2026-03-27,0.0858381922,0.0098405352,0.0759976570,0.0752570869,0.3070132989,0.1236893488,2.4821320655,0.8548548253,0.8090224197
extended_10,adaptive_open,2026-03-30,0.1249964926,0.0318053731,0.0931911195,0.0903185058,0.3659638807,0.1239570104,2.9523451686,0.8652874302,0.8135527885
extended_10,adaptive_open,2026-03-31,0.1250911500,0.0343450540,0.0907460961,0.0877329047,0.3558882041,0.1241258428,2.8671563954,0.8628512815,0.8134014490
extended_10,adaptive_open,2026-04-01,0.1241714725,0.0273092909,0.0968621816,0.0942872633,0.3811643489,0.1243971467,3.0640923767,0.8625675707,0.8123671634
extended_10,adaptive_open,2026-04-02,0.1345616837,0.0234457556,0.1111159281,0.1085704128,0.4356535978,0.1259954262,3.4576937508,0.8560875458,0.8076441295
extended_10,adaptive_open,2026-04-03,0.1358787721,0.0157008373,0.1201779347,0.1183202084,0.4721141708,0.1261082034,3.7437229145,0.8491739031,0.8081204009
extended_10,adaptive_open,2026-04-07,0.1100611290,-0.0112241723,0.1212853012,0.1226620816,0.4879947740,0.1260928188,3.8701234438,0.8552866547,0.8204395099
extended_10,adaptive_open,2026-04-08,0.1316785970,0.0178627058,0.1138158912,0.1118185100,0.4461508615,0.1283595962,3.4757889139,0.8347276127,0.8248968349
extended_10,adaptive_open,2026-04-09,0.1313526183,0.0179018199,0.1134507984,0.1114555414,0.4447609009,0.1283385396,3.4655287659,0.8344444041,0.8249021124
extended_10,adaptive_open,2026-04-10,0.0922646490,0.0068063636,0.0854582854,0.0848805574,0.3420599385,0.1253440966,2.7289672800,0.8237045879,0.8289814415
extended_10,adaptive_open,2026-04-13,0.1062011738,0.0135125112,0.0926886626,0.0914529043,0.3672742097,0.1245910715,2.9478373141,0.8202771397,0.8298719230
extended_10,adaptive_open,2026-04-14,0.0983898553,0.0078021636,0.0905876916,0.0898863834,0.3613515780,0.1249372820,2.8922638010,0.8209348105,0.8276934249
extended_10,adaptive_open,2026-04-15,0.0951435324,-0.0014988125,0.0966423449,0.0967874110,0.3881099145,0.1239035368,3.1323554151,0.8273357740,0.8292031549
extended_10,adaptive_open,2026-04-16,0.0741950188,-0.0223883802,0.0965833990,0.0987952649,0.3954386113,0.1240806580,3.1869480513,0.8204266596,0.8265973793
extended_10,adaptive_open,2026-04-17,0.0772340408,-0.0028943289,0.0801283696,0.0803609607,0.3242937583,0.1211561479,2.6766595341,0.8274611463,0.8357825461
extended_10,adaptive_open,2026-04-20,0.0750807460,-0.0048455877,0.0799263337,0.0803155096,0.3241523170,0.1211626412,2.6753487203,0.8285158686,0.8359657601
extended_10,adaptive_open,2026-04-21,0.0745943542,-0.0025251607,0.0771195149,0.0773147471,0.3123953528,0.1216618427,2.5677348448,0.8260827220,0.8348684283
extended_10,adaptive_open,2026-04-22,0.0771084346,0.0057211257,0.0713873089,0.0709812164,0.2877534664,0.1223195619,2.3524729983,0.8252728352,0.8319524407
extended_10,adaptive_open,2026-04-23,0.0639849805,-0.0103996125,0.0743845930,0.0751662934,0.3044065609,0.1218851146,2.4974875875,0.8285066981,0.8288035555
extended_10,adaptive_open,2026-04-24,0.0466832780,-0.0230363530,0.0697196310,0.0713635878,0.2895351530,0.1218420665,2.3763151877,0.8337842853,0.8324080948
extended_10,adaptive_open,2026-04-27,0.0384075807,-0.0314057130,0.0698132937,0.0720769208,0.2924656102,0.1217296133,2.4025839104,0.8360508662,0.8312600108
extended_10,adaptive_open,2026-04-28,0.0274065530,-0.0363847343,0.0637912873,0.0661999551,0.2692856620,0.1223233130,2.2014255115,0.8316951905,0.8279398624
extended_10,adaptive_open,2026-04-29,0.0218380412,-0.0513318452,0.0731698863,0.0771290635,0.3123096455,0.1213356743,2.5739309346,0.8381448389,0.8294715463
extended_10,adaptive_open,2026-04-30,0.0227478127,-0.0272231397,0.0499709524,0.0513693885,0.2103156145,0.1197182702,1.7567545379,0.8364710564,0.8356644421
extended_10,adaptive_open,2026-05-06,0.0299374299,-0.0163610564,0.0462984864,0.0470685780,0.1927985140,0.1213141180,1.5892504280,0.8246935442,0.8302380846
extended_10,adaptive_open,2026-05-07,0.0408715140,-0.0046473781,0.0455188921,0.0457314233,0.1872894374,0.1215007427,1.5414674282,0.8198371573,0.8288019499
extended_10,adaptive_open,2026-05-08,0.0419552544,0.0088282345,0.0331270199,0.0328371261,0.1352667250,0.1234942441,1.0953281749,0.8152977099,0.8224998357
extended_10,adaptive_open,2026-05-11,0.0422281218,0.0211882711,0.0210398507,0.0206033023,0.0848117399,0.1224790680,0.6924590567,0.8124555422,0.8272293003
extended_10,adaptive_open,2026-05-12,0.0399920682,0.0300499801,0.0099420881,0.0096520444,0.0395881340,0.1233546491,0.3209294041,0.8119576731,0.8245744142
extended_10,adaptive_open,2026-05-13,0.0279294655,0.0057704601,0.0221590054,0.0220318714,0.0908799625,0.1214197514,0.7484775863,0.8216114565,0.8322322546
extended_10,adaptive_open,2026-05-14,0.0237140707,0.0098934751,0.0138205956,0.0136852014,0.0562676331,0.1218383130,0.4618221617,0.8175889747,0.8312148605
extended_10,adaptive_open,2026-05-15,-0.0050556955,-0.0001186702,-0.0049370253,-0.0049376112,-0.0227350221,0.1107197562,-0.2053384407,0.8246910778,0.8605036763
extended_10,adaptive_open,2026-05-18,-0.0371186279,-0.0309565048,-0.0061621231,-0.0063589748,-0.0285871417,0.1107862964,-0.2580386077,0.8213477907,0.8554462351
extended_10,adaptive_open,2026-05-19,-0.0439162510,-0.0360305991,-0.0078856519,-0.0081803965,-0.0361597152,0.1111795327,-0.3252371576,0.8222671394,0.8538903645
extended_10,adaptive_open,2026-05-20,-0.0440515971,-0.0311626066,-0.0128889905,-0.0133035643,-0.0579614015,0.1115085602,-0.5197932917,0.8205059208,0.8532807794
extended_10,adaptive_open,2026-05-21,-0.0604158831,-0.0332752499,-0.0271406332,-0.0280748302,-0.1207303238,0.1145879795,-1.0536037410,0.8248072506,0.8467341947
extended_10,adaptive_open,2026-05-22,-0.0619061739,-0.0486177687,-0.0132884052,-0.0139674725,-0.0611526573,0.1103223776,-0.5543087325,0.8235547537,0.8625571899
extended_10,adaptive_open,2026-05-25,-0.0692177381,-0.0351449578,-0.0340727803,-0.0353138853,-0.1535274964,0.1176210238,-1.3052725729,0.7985104773,0.8460277053
extended_10,adaptive_open,2026-05-26,-0.0998212304,-0.0547435832,-0.0450776472,-0.0476882742,-0.2097135936,0.1101112662,-1.9045607306,0.7703158499,0.8621671252
extended_10,adaptive_open,2026-05-27,-0.1186077711,-0.0733338741,-0.0452738970,-0.0488567519,-0.2146838639,0.1101661943,-1.9487272413,0.7724530086,0.8621057657
extended_10,adaptive_open,2026-05-28,-0.1288964754,-0.0895647323,-0.0393317431,-0.0432010320,-0.1899904751,0.1100676191,-1.7261250543,0.7748350704,0.8664588818
extended_10,adaptive_open,2026-05-29,-0.1238436405,-0.0806877881,-0.0431558525,-0.0469436301,-0.2065871598,0.1103888449,-1.8714496008,0.7732553356,0.8668669076
extended_10,adaptive_open,2026-06-01,-0.1129018516,-0.0934904823,-0.0194113692,-0.0214133099,-0.0965598925,0.1162937578,-0.8303101932,0.7490306916,0.8547106544
extended_10,adaptive_open,2026-06-02,-0.0574622724,-0.0368408144,-0.0206214580,-0.0214102283,-0.0943702952,0.1164646142,-0.8102915705,0.7834908047,0.8485978915
extended_10,adaptive_open,2026-06-03,-0.1032599888,-0.0676447064,-0.0356152824,-0.0381992601,-0.1662376367,0.1184943606,-1.4029160196,0.7905326457,0.8436093159
extended_10,adaptive_open,2026-06-04,-0.1214437333,-0.0728325359,-0.0486111973,-0.0524297921,-0.2284539827,0.1168847695,-1.9545231057,0.8014870137,0.8497183792
extended_10,adaptive_open,2026-06-05,-0.1480013779,-0.0948391663,-0.0531622115,-0.0587323375,-0.2565326589,0.1168104733,-2.1961443326,0.7912593147,0.8449289710
extended_10,adaptive_open,2026-06-08,-0.1533269678,-0.1087141020,-0.0446128658,-0.0500544953,-0.2182963705,0.1189950272,-1.8344999422,0.7813475510,0.8395027646
extended_10,adaptive_open,2026-06-09,-0.1657346206,-0.1164110004,-0.0493236202,-0.0558219039,-0.2437331572,0.1197371779,-2.0355679121,0.7777454072,0.8356079677
extended_10,adaptive_open,2026-06-10,-0.1604302014,-0.1201825220,-0.0402476794,-0.0457454875,-0.1989988862,0.1234876690,-1.6114879143,0.7736875951,0.8257243770
extended_10,adaptive_open,2026-06-11,-0.1660489627,-0.1215405859,-0.0445083768,-0.0506664008,-0.2206338515,0.1226753184,-1.7985186775,0.7765184195,0.8283999143
extended_10,adaptive_open,2026-06-12,-0.1693594688,-0.1160610823,-0.0532983864,-0.0602964587,-0.2635037723,0.1217856442,-2.1636685834,0.7762185267,0.8310341812
extended_10,adaptive_open,2026-06-15,-0.1658375829,-0.1102802778,-0.0555573050,-0.0624436029,-0.2730752917,0.1212912124,-2.2514021112,0.7803691223,0.8341319864
extended_10,adaptive_open,2026-06-16,-0.1539699266,-0.0897334492,-0.0642364774,-0.0705688651,-0.3093269025,0.1204992320,-2.5670445970,0.7853161193,0.8340032599
extended_10,adaptive_open,2026-06-17,-0.1545550427,-0.0874613882,-0.0670936545,-0.0735241815,-0.3226701320,0.1217519183,-2.6502262672,0.7823927696,0.8306629299
extended_10,adaptive_open,2026-06-18,-0.1671377855,-0.0862728942,-0.0808648912,-0.0885000464,-0.3897778781,0.1249946919,-3.1183554444,0.7980642675,0.8245332164
extended_10,adaptive_open,2026-06-22,-0.1471690210,-0.0499362549,-0.0972327661,-0.1023434129,-0.4513991366,0.1181963601,-3.8190612328,0.8518392343,0.8254048835
extended_10,adaptive_open,2026-06-23,-0.1212984481,-0.0289930255,-0.0923054226,-0.0950615444,-0.4184299199,0.1172605992,-3.5683761025,0.8286484241,0.8168236614
extended_10,adaptive_open,2026-06-24,-0.1353952578,-0.0417963931,-0.0935988647,-0.0976816034,-0.4305081803,0.1174564191,-3.6652588565,0.8206774651,0.8089565409
extended_10,adaptive_open,2026-06-25,-0.1452928943,-0.0735051157,-0.0717877786,-0.0774831894,-0.3380784448,0.1245551946,-2.7142861913,0.7830181607,0.7834036960
extended_10,adaptive_open,2026-06-26,-0.1252024781,-0.0690400597,-0.0561624183,-0.0603274275,-0.2614160606,0.1303300351,-2.0058005856,0.7425418656,0.7542303145
extended_10,adaptive_open,2026-06-29,-0.1458336032,-0.1043200927,-0.0415135105,-0.0463486009,-0.2012690891,0.1380712500,-1.4577190340,0.6665015167,0.7171531576
extended_10,adaptive_open,2026-06-30,-0.1541469431,-0.1163952715,-0.0377516717,-0.0427246148,-0.1852664747,0.1381726853,-1.3408328442,0.6607700932,0.7105252557
